zenith_cut,angle,phi0,gamma,detector,length_days,mean_max_efstat,mean_max_efstat_error
60.0,5.0,1e-06,1.5,combined,150.0,66.07017654080542,0.0
60.0,5.0,1e-06,1.5625,combined,150.0,56.54622481641875,0.0
60.0,5.0,1e-06,1.625,combined,150.0,60.29761979526471,0.0
60.0,5.0,1e-06,1.6875,combined,150.0,60.29761979526471,0.0
60.0,5.0,1e-06,1.75,combined,150.0,60.29761979526471,0.0
60.0,5.0,1e-06,1.8125,combined,150.0,64.16694963214488,0.0
60.0,5.0,1e-06,1.875,combined,150.0,60.29761979526471,0.0
60.0,5.0,1e-06,1.9375,combined,150.0,60.29761979526471,0.0
60.0,5.0,1e-06,2.0,combined,150.0,60.29761979526471,0.0
60.0,5.0,1e-06,2.0625,combined,150.0,60.29761979526471,0.0
60.0,5.0,1e-06,2.125,combined,150.0,60.29761979526471,0.0
60.0,5.0,1e-06,2.1875,combined,150.0,60.29761979526471,0.0
60.0,5.0,1e-06,2.25,combined,150.0,60.29761979526471,0.0
60.0,5.0,1e-06,2.3125,combined,150.0,60.29761979526471,0.0
60.0,5.0,1e-06,2.375,combined,150.0,60.29761979526471,0.0
60.0,5.0,1e-06,2.4375,combined,150.0,60.29761979526471,0.0
60.0,5.0,1e-06,2.5,combined,150.0,60.29761979526471,0.0
60.0,5.0,1e-06,2.5625,combined,150.0,60.29761979526471,0.0
60.0,5.0,1e-06,2.625,combined,150.0,60.29761979526471,0.0
60.0,5.0,1e-06,2.6875,combined,150.0,60.29761979526471,0.0
60.0,5.0,1e-06,2.75,combined,150.0,60.29761979526471,0.0
60.0,5.0,1e-06,2.8125,combined,150.0,60.29761979526471,0.0
60.0,5.0,1e-06,2.875,combined,150.0,60.29761979526471,0.0
60.0,5.0,1e-06,2.9375,combined,150.0,60.29761979526471,0.0
60.0,5.0,1e-06,3.0,combined,150.0,60.29761979526471,0.0
60.0,5.0,2.8729848333536627e-06,1.5,combined,150.0,59.88253049930826,0.0
60.0,5.0,2.8729848333536627e-06,1.5625,combined,150.0,68.12883975124066,0.0
60.0,5.0,2.8729848333536627e-06,1.625,combined,150.0,63.485111194873724,0.0
60.0,5.0,2.8729848333536627e-06,1.6875,combined,150.0,63.53513513513514,0.0
60.0,5.0,2.8729848333536627e-06,1.75,combined,150.0,60.29761979526471,0.0
60.0,5.0,2.8729848333536627e-06,1.8125,combined,150.0,60.29761979526471,0.0
60.0,5.0,2.8729848333536627e-06,1.875,combined,150.0,54.98366423724555,0.0
60.0,5.0,2.8729848333536627e-06,1.9375,combined,150.0,60.29761979526471,0.0
60.0,5.0,2.8729848333536627e-06,2.0,combined,150.0,60.29761979526471,0.0
60.0,5.0,2.8729848333536627e-06,2.0625,combined,150.0,60.29761979526471,0.0
60.0,5.0,2.8729848333536627e-06,2.125,combined,150.0,60.29761979526471,0.0
60.0,5.0,2.8729848333536627e-06,2.1875,combined,150.0,60.29761979526471,0.0
60.0,5.0,2.8729848333536627e-06,2.25,combined,150.0,60.29761979526471,0.0
60.0,5.0,2.8729848333536627e-06,2.3125,combined,150.0,60.29761979526471,0.0
60.0,5.0,2.8729848333536627e-06,2.375,combined,150.0,60.29761979526471,0.0
60.0,5.0,2.8729848333536627e-06,2.4375,combined,150.0,60.29761979526471,0.0
60.0,5.0,2.8729848333536627e-06,2.5,combined,150.0,60.29761979526471,0.0
60.0,5.0,2.8729848333536627e-06,2.5625,combined,150.0,60.29761979526471,0.0
60.0,5.0,2.8729848333536627e-06,2.625,combined,150.0,60.29761979526471,0.0
60.0,5.0,2.8729848333536627e-06,2.6875,combined,150.0,60.29761979526471,0.0
60.0,5.0,2.8729848333536627e-06,2.75,combined,150.0,60.29761979526471,0.0
60.0,5.0,2.8729848333536627e-06,2.8125,combined,150.0,60.29761979526471,0.0
60.0,5.0,2.8729848333536627e-06,2.875,combined,150.0,60.29761979526471,0.0
60.0,5.0,2.8729848333536627e-06,2.9375,combined,150.0,60.29761979526471,0.0
60.0,5.0,2.8729848333536627e-06,3.0,combined,150.0,60.29761979526471,0.0
60.0,5.0,8.254041852680188e-06,1.5,combined,150.0,60.93627851442216,0.0
60.0,5.0,8.254041852680188e-06,1.5625,combined,150.0,59.26930568645932,0.0
60.0,5.0,8.254041852680188e-06,1.625,combined,150.0,65.92864776513483,0.0
60.0,5.0,8.254041852680188e-06,1.6875,combined,150.0,64.46436203645507,0.0
60.0,5.0,8.254041852680188e-06,1.75,combined,150.0,64.63380458686774,0.0
60.0,5.0,8.254041852680188e-06,1.8125,combined,150.0,60.29761979526471,0.0
60.0,5.0,8.254041852680188e-06,1.875,combined,150.0,55.988384504300875,0.0
60.0,5.0,8.254041852680188e-06,1.9375,combined,150.0,60.29761979526471,0.0
60.0,5.0,8.254041852680188e-06,2.0,combined,150.0,60.29761979526471,0.0
60.0,5.0,8.254041852680188e-06,2.0625,combined,150.0,60.29761979526471,0.0
60.0,5.0,8.254041852680188e-06,2.125,combined,150.0,60.29761979526471,0.0
60.0,5.0,8.254041852680188e-06,2.1875,combined,150.0,60.29761979526471,0.0
60.0,5.0,8.254041852680188e-06,2.25,combined,150.0,60.29761979526471,0.0
60.0,5.0,8.254041852680188e-06,2.3125,combined,150.0,60.29761979526471,0.0
60.0,5.0,8.254041852680188e-06,2.375,combined,150.0,60.29761979526471,0.0
60.0,5.0,8.254041852680188e-06,2.4375,combined,150.0,60.29761979526471,0.0
60.0,5.0,8.254041852680188e-06,2.5,combined,150.0,60.29761979526471,0.0
60.0,5.0,8.254041852680188e-06,2.5625,combined,150.0,60.29761979526471,0.0
60.0,5.0,8.254041852680188e-06,2.625,combined,150.0,60.29761979526471,0.0
60.0,5.0,8.254041852680188e-06,2.6875,combined,150.0,60.29761979526471,0.0
60.0,5.0,8.254041852680188e-06,2.75,combined,150.0,60.29761979526471,0.0
60.0,5.0,8.254041852680188e-06,2.8125,combined,150.0,60.29761979526471,0.0
60.0,5.0,8.254041852680188e-06,2.875,combined,150.0,60.29761979526471,0.0
60.0,5.0,8.254041852680188e-06,2.9375,combined,150.0,60.29761979526471,0.0
60.0,5.0,8.254041852680188e-06,3.0,combined,150.0,60.29761979526471,0.0
60.0,5.0,2.371373705661655e-05,1.5,combined,150.0,63.28006030908405,0.0
60.0,5.0,2.371373705661655e-05,1.5625,combined,150.0,66.38016476951135,0.0
60.0,5.0,2.371373705661655e-05,1.625,combined,150.0,62.71466314398943,0.0
60.0,5.0,2.371373705661655e-05,1.6875,combined,150.0,56.66371459079204,0.0
60.0,5.0,2.371373705661655e-05,1.75,combined,150.0,58.042789820923645,0.0
60.0,5.0,2.371373705661655e-05,1.8125,combined,150.0,60.29761979526471,0.0
60.0,5.0,2.371373705661655e-05,1.875,combined,150.0,60.8868778280543,0.0
60.0,5.0,2.371373705661655e-05,1.9375,combined,150.0,60.29761979526471,0.0
60.0,5.0,2.371373705661655e-05,2.0,combined,150.0,60.29761979526471,0.0
60.0,5.0,2.371373705661655e-05,2.0625,combined,150.0,60.29761979526471,0.0
60.0,5.0,2.371373705661655e-05,2.125,combined,150.0,60.29761979526471,0.0
60.0,5.0,2.371373705661655e-05,2.1875,combined,150.0,60.29761979526471,0.0
60.0,5.0,2.371373705661655e-05,2.25,combined,150.0,60.29761979526471,0.0
60.0,5.0,2.371373705661655e-05,2.3125,combined,150.0,60.29761979526471,0.0
60.0,5.0,2.371373705661655e-05,2.375,combined,150.0,60.29761979526471,0.0
60.0,5.0,2.371373705661655e-05,2.4375,combined,150.0,60.29761979526471,0.0
60.0,5.0,2.371373705661655e-05,2.5,combined,150.0,60.29761979526471,0.0
60.0,5.0,2.371373705661655e-05,2.5625,combined,150.0,60.29761979526471,0.0
60.0,5.0,2.371373705661655e-05,2.625,combined,150.0,60.29761979526471,0.0
60.0,5.0,2.371373705661655e-05,2.6875,combined,150.0,60.29761979526471,0.0
60.0,5.0,2.371373705661655e-05,2.75,combined,150.0,60.29761979526471,0.0
60.0,5.0,2.371373705661655e-05,2.8125,combined,150.0,60.29761979526471,0.0
60.0,5.0,2.371373705661655e-05,2.875,combined,150.0,60.29761979526471,0.0
60.0,5.0,2.371373705661655e-05,2.9375,combined,150.0,60.29761979526471,0.0
60.0,5.0,2.371373705661655e-05,3.0,combined,150.0,60.29761979526471,0.0
60.0,5.0,6.812920690579608e-05,1.5,combined,150.0,63.15036277207905,0.0
60.0,5.0,6.812920690579608e-05,1.5625,combined,150.0,53.86568099235684,0.0
60.0,5.0,6.812920690579608e-05,1.625,combined,150.0,63.36146546848488,0.0
60.0,5.0,6.812920690579608e-05,1.6875,combined,150.0,58.935742971887564,0.0
60.0,5.0,6.812920690579608e-05,1.75,combined,150.0,66.42335766423358,0.0
60.0,5.0,6.812920690579608e-05,1.8125,combined,150.0,62.560831606054904,0.0
60.0,5.0,6.812920690579608e-05,1.875,combined,150.0,70.14359458608752,0.0
60.0,5.0,6.812920690579608e-05,1.9375,combined,150.0,60.29761979526471,0.0
60.0,5.0,6.812920690579608e-05,2.0,combined,150.0,59.83142821253612,0.0
60.0,5.0,6.812920690579608e-05,2.0625,combined,150.0,60.29761979526471,0.0
60.0,5.0,6.812920690579608e-05,2.125,combined,150.0,61.04056514913658,0.0
60.0,5.0,6.812920690579608e-05,2.1875,combined,150.0,60.29761979526471,0.0
60.0,5.0,6.812920690579608e-05,2.25,combined,150.0,60.29761979526471,0.0
60.0,5.0,6.812920690579608e-05,2.3125,combined,150.0,60.29761979526471,0.0
60.0,5.0,6.812920690579608e-05,2.375,combined,150.0,60.29761979526471,0.0
60.0,5.0,6.812920690579608e-05,2.4375,combined,150.0,60.29761979526471,0.0
60.0,5.0,6.812920690579608e-05,2.5,combined,150.0,60.29761979526471,0.0
60.0,5.0,6.812920690579608e-05,2.5625,combined,150.0,60.29761979526471,0.0
60.0,5.0,6.812920690579608e-05,2.625,combined,150.0,60.29761979526471,0.0
60.0,5.0,6.812920690579608e-05,2.6875,combined,150.0,60.29761979526471,0.0
60.0,5.0,6.812920690579608e-05,2.75,combined,150.0,60.29761979526471,0.0
60.0,5.0,6.812920690579608e-05,2.8125,combined,150.0,60.29761979526471,0.0
60.0,5.0,6.812920690579608e-05,2.875,combined,150.0,60.29761979526471,0.0
60.0,5.0,6.812920690579608e-05,2.9375,combined,150.0,60.29761979526471,0.0
60.0,5.0,6.812920690579608e-05,3.0,combined,150.0,60.29761979526471,0.0
60.0,5.0,0.00019573417814876596,1.5,combined,150.0,71.25810300258502,0.0
60.0,5.0,0.00019573417814876596,1.5625,combined,150.0,68.26586102719031,0.0
60.0,5.0,0.00019573417814876596,1.625,combined,150.0,65.26930072122923,0.0
60.0,5.0,0.00019573417814876596,1.6875,combined,150.0,63.89552988448017,0.0
60.0,5.0,0.00019573417814876596,1.75,combined,150.0,61.96567304675243,0.0
60.0,5.0,0.00019573417814876596,1.8125,combined,150.0,59.25945470536499,0.0
60.0,5.0,0.00019573417814876596,1.875,combined,150.0,64.74869570683259,0.0
60.0,5.0,0.00019573417814876596,1.9375,combined,150.0,56.259179402625406,0.0
60.0,5.0,0.00019573417814876596,2.0,combined,150.0,60.29761979526471,0.0
60.0,5.0,0.00019573417814876596,2.0625,combined,150.0,60.29761979526471,0.0
60.0,5.0,0.00019573417814876596,2.125,combined,150.0,60.29761979526471,0.0
60.0,5.0,0.00019573417814876596,2.1875,combined,150.0,60.29761979526471,0.0
60.0,5.0,0.00019573417814876596,2.25,combined,150.0,60.29761979526471,0.0
60.0,5.0,0.00019573417814876596,2.3125,combined,150.0,60.29761979526471,0.0
60.0,5.0,0.00019573417814876596,2.375,combined,150.0,60.29761979526471,0.0
60.0,5.0,0.00019573417814876596,2.4375,combined,150.0,60.29761979526471,0.0
60.0,5.0,0.00019573417814876596,2.5,combined,150.0,60.29761979526471,0.0
60.0,5.0,0.00019573417814876596,2.5625,combined,150.0,60.29761979526471,0.0
60.0,5.0,0.00019573417814876596,2.625,combined,150.0,60.29761979526471,0.0
60.0,5.0,0.00019573417814876596,2.6875,combined,150.0,60.29761979526471,0.0
60.0,5.0,0.00019573417814876596,2.75,combined,150.0,60.29761979526471,0.0
60.0,5.0,0.00019573417814876596,2.8125,combined,150.0,60.29761979526471,0.0
60.0,5.0,0.00019573417814876596,2.875,combined,150.0,60.29761979526471,0.0
60.0,5.0,0.00019573417814876596,2.9375,combined,150.0,60.29761979526471,0.0
60.0,5.0,0.00019573417814876596,3.0,combined,150.0,60.29761979526471,0.0
60.0,5.0,0.000562341325190349,1.5,combined,150.0,247.45346204266474,0.0
60.0,5.0,0.000562341325190349,1.5625,combined,150.0,84.0809077454366,0.0
60.0,5.0,0.000562341325190349,1.625,combined,150.0,67.25201293785699,0.0
60.0,5.0,0.000562341325190349,1.6875,combined,150.0,64.60180541624874,0.0
60.0,5.0,0.000562341325190349,1.75,combined,150.0,57.266582993410736,0.0
60.0,5.0,0.000562341325190349,1.8125,combined,150.0,61.28829536527888,0.0
60.0,5.0,0.000562341325190349,1.875,combined,150.0,53.76865963266902,0.0
60.0,5.0,0.000562341325190349,1.9375,combined,150.0,56.240040216161866,0.0
60.0,5.0,0.000562341325190349,2.0,combined,150.0,61.87343759814083,0.0
60.0,5.0,0.000562341325190349,2.0625,combined,150.0,57.55471792938811,0.0
60.0,5.0,0.000562341325190349,2.125,combined,150.0,58.73393631053327,0.0
60.0,5.0,0.000562341325190349,2.1875,combined,150.0,63.61745303763272,0.0
60.0,5.0,0.000562341325190349,2.25,combined,150.0,66.8034188034188,0.0
60.0,5.0,0.000562341325190349,2.3125,combined,150.0,60.29761979526471,0.0
60.0,5.0,0.000562341325190349,2.375,combined,150.0,60.29761979526471,0.0
60.0,5.0,0.000562341325190349,2.4375,combined,150.0,60.29761979526471,0.0
60.0,5.0,0.000562341325190349,2.5,combined,150.0,60.29761979526471,0.0
60.0,5.0,0.000562341325190349,2.5625,combined,150.0,60.29761979526471,0.0
60.0,5.0,0.000562341325190349,2.625,combined,150.0,60.29761979526471,0.0
60.0,5.0,0.000562341325190349,2.6875,combined,150.0,60.29761979526471,0.0
60.0,5.0,0.000562341325190349,2.75,combined,150.0,60.29761979526471,0.0
60.0,5.0,0.000562341325190349,2.8125,combined,150.0,60.29761979526471,0.0
60.0,5.0,0.000562341325190349,2.875,combined,150.0,60.29761979526471,0.0
60.0,5.0,0.000562341325190349,2.9375,combined,150.0,60.29761979526471,0.0
60.0,5.0,0.000562341325190349,3.0,combined,150.0,60.29761979526471,0.0
60.0,5.0,0.0016155980984398728,1.5,combined,150.0,1389.1695769576959,0.0
60.0,5.0,0.0016155980984398728,1.5625,combined,150.0,275.679722769759,0.0
60.0,5.0,0.0016155980984398728,1.625,combined,150.0,93.8144074049232,0.0
60.0,5.0,0.0016155980984398728,1.6875,combined,150.0,65.50830416799236,0.0
60.0,5.0,0.0016155980984398728,1.75,combined,150.0,56.201676695287674,0.0
60.0,5.0,0.0016155980984398728,1.8125,combined,150.0,63.8538862949739,0.0
60.0,5.0,0.0016155980984398728,1.875,combined,150.0,57.444877680649014,0.0
60.0,5.0,0.0016155980984398728,1.9375,combined,150.0,54.83086202563459,0.0
60.0,5.0,0.0016155980984398728,2.0,combined,150.0,57.39230962553406,0.0
60.0,5.0,0.0016155980984398728,2.0625,combined,150.0,68.26574481458204,0.0
60.0,5.0,0.0016155980984398728,2.125,combined,150.0,60.28818244644091,0.0
60.0,5.0,0.0016155980984398728,2.1875,combined,150.0,60.29761979526471,0.0
60.0,5.0,0.0016155980984398728,2.25,combined,150.0,60.29761979526471,0.0
60.0,5.0,0.0016155980984398728,2.3125,combined,150.0,60.29761979526471,0.0
60.0,5.0,0.0016155980984398728,2.375,combined,150.0,60.29761979526471,0.0
60.0,5.0,0.0016155980984398728,2.4375,combined,150.0,60.29761979526471,0.0
60.0,5.0,0.0016155980984398728,2.5,combined,150.0,60.29761979526471,0.0
60.0,5.0,0.0016155980984398728,2.5625,combined,150.0,60.29761979526471,0.0
60.0,5.0,0.0016155980984398728,2.625,combined,150.0,60.29761979526471,0.0
60.0,5.0,0.0016155980984398728,2.6875,combined,150.0,60.29761979526471,0.0
60.0,5.0,0.0016155980984398728,2.75,combined,150.0,60.29761979526471,0.0
60.0,5.0,0.0016155980984398728,2.8125,combined,150.0,60.29761979526471,0.0
60.0,5.0,0.0016155980984398728,2.875,combined,150.0,60.29761979526471,0.0
60.0,5.0,0.0016155980984398728,2.9375,combined,150.0,60.29761979526471,0.0
60.0,5.0,0.0016155980984398728,3.0,combined,150.0,60.29761979526471,0.0
60.0,5.0,0.004641588833612777,1.5,combined,150.0,8578.444880345234,0.0
60.0,5.0,0.004641588833612777,1.5625,combined,150.0,1901.2916363636368,0.0
60.0,5.0,0.004641588833612777,1.625,combined,150.0,403.81995997676074,0.0
60.0,5.0,0.004641588833612777,1.6875,combined,150.0,106.76688546714924,0.0
60.0,5.0,0.004641588833612777,1.75,combined,150.0,66.8447270800212,0.0
60.0,5.0,0.004641588833612777,1.8125,combined,150.0,58.40466848440514,0.0
60.0,5.0,0.004641588833612777,1.875,combined,150.0,50.207743658210944,0.0
60.0,5.0,0.004641588833612777,1.9375,combined,150.0,60.71875200205011,0.0
60.0,5.0,0.004641588833612777,2.0,combined,150.0,59.30456719743135,0.0
60.0,5.0,0.004641588833612777,2.0625,combined,150.0,66.00106871188784,0.0
60.0,5.0,0.004641588833612777,2.125,combined,150.0,67.62523564157345,0.0
60.0,5.0,0.004641588833612777,2.1875,combined,150.0,67.19210956150269,0.0
60.0,5.0,0.004641588833612777,2.25,combined,150.0,60.29761979526471,0.0
60.0,5.0,0.004641588833612777,2.3125,combined,150.0,60.29761979526471,0.0
60.0,5.0,0.004641588833612777,2.375,combined,150.0,61.23748822605966,0.0
60.0,5.0,0.004641588833612777,2.4375,combined,150.0,56.54750392464679,0.0
60.0,5.0,0.004641588833612777,2.5,combined,150.0,60.29761979526471,0.0
60.0,5.0,0.004641588833612777,2.5625,combined,150.0,60.29761979526471,0.0
60.0,5.0,0.004641588833612777,2.625,combined,150.0,60.29761979526471,0.0
60.0,5.0,0.004641588833612777,2.6875,combined,150.0,60.29761979526471,0.0
60.0,5.0,0.004641588833612777,2.75,combined,150.0,60.29761979526471,0.0
60.0,5.0,0.004641588833612777,2.8125,combined,150.0,60.29761979526471,0.0
60.0,5.0,0.004641588833612777,2.875,combined,150.0,60.29761979526471,0.0
60.0,5.0,0.004641588833612777,2.9375,combined,150.0,60.29761979526471,0.0
60.0,5.0,0.004641588833612777,3.0,combined,150.0,60.29761979526471,0.0
60.0,5.0,0.013335214321633239,1.5,combined,150.0,43507.90145952315,0.0
60.0,5.0,0.013335214321633239,1.5625,combined,150.0,11133.481373770945,0.0
60.0,5.0,0.013335214321633239,1.625,combined,150.0,2499.560785446145,0.0
60.0,5.0,0.013335214321633239,1.6875,combined,150.0,541.1569943838358,0.0
60.0,5.0,0.013335214321633239,1.75,combined,150.0,153.32563589991042,0.0
60.0,5.0,0.013335214321633239,1.8125,combined,150.0,59.87662383259602,0.0
60.0,5.0,0.013335214321633239,1.875,combined,150.0,66.08205674703609,0.0
60.0,5.0,0.013335214321633239,1.9375,combined,150.0,57.42899185545137,0.0
60.0,5.0,0.013335214321633239,2.0,combined,150.0,62.226386410205556,0.0
60.0,5.0,0.013335214321633239,2.0625,combined,150.0,64.61835748792271,0.0
60.0,5.0,0.013335214321633239,2.125,combined,150.0,64.59372676265801,0.0
60.0,5.0,0.013335214321633239,2.1875,combined,150.0,67.59037988157806,0.0
60.0,5.0,0.013335214321633239,2.25,combined,150.0,62.909324960753544,0.0
60.0,5.0,0.013335214321633239,2.3125,combined,150.0,61.656568196103095,0.0
60.0,5.0,0.013335214321633239,2.375,combined,150.0,61.008420180826825,0.0
60.0,5.0,0.013335214321633239,2.4375,combined,150.0,59.192312523552324,0.0
60.0,5.0,0.013335214321633239,2.5,combined,150.0,60.29761979526471,0.0
60.0,5.0,0.013335214321633239,2.5625,combined,150.0,60.29761979526471,0.0
60.0,5.0,0.013335214321633239,2.625,combined,150.0,60.29761979526471,0.0
60.0,5.0,0.013335214321633239,2.6875,combined,150.0,60.29761979526471,0.0
60.0,5.0,0.013335214321633239,2.75,combined,150.0,60.29761979526471,0.0
60.0,5.0,0.013335214321633239,2.8125,combined,150.0,60.29761979526471,0.0
60.0,5.0,0.013335214321633239,2.875,combined,150.0,60.29761979526471,0.0
60.0,5.0,0.013335214321633239,2.9375,combined,150.0,60.29761979526471,0.0
60.0,5.0,0.013335214321633239,3.0,combined,150.0,60.29761979526471,0.0
60.0,5.0,0.03831186849557285,1.5,combined,150.0,,
60.0,5.0,0.03831186849557285,1.5625,combined,150.0,53035.475927646316,0.0
60.0,5.0,0.03831186849557285,1.625,combined,150.0,14810.591803419538,0.0
60.0,5.0,0.03831186849557285,1.6875,combined,150.0,3501.254329371817,0.0
60.0,5.0,0.03831186849557285,1.75,combined,150.0,821.2624026767903,0.0
60.0,5.0,0.03831186849557285,1.8125,combined,150.0,224.12803084765702,0.0
60.0,5.0,0.03831186849557285,1.875,combined,150.0,70.11018599341972,0.0
60.0,5.0,0.03831186849557285,1.9375,combined,150.0,55.41599570585079,0.0
60.0,5.0,0.03831186849557285,2.0,combined,150.0,62.30354097018489,0.0
60.0,5.0,0.03831186849557285,2.0625,combined,150.0,60.006637613141145,0.0
60.0,5.0,0.03831186849557285,2.125,combined,150.0,58.533918167816246,0.0
60.0,5.0,0.03831186849557285,2.1875,combined,150.0,57.196544276457885,0.0
60.0,5.0,0.03831186849557285,2.25,combined,150.0,55.495534029437664,0.0
60.0,5.0,0.03831186849557285,2.3125,combined,150.0,66.0399899554272,0.0
60.0,5.0,0.03831186849557285,2.375,combined,150.0,60.140073406740065,0.0
60.0,5.0,0.03831186849557285,2.4375,combined,150.0,58.44068328832506,0.0
60.0,5.0,0.03831186849557285,2.5,combined,150.0,60.29761979526471,0.0
60.0,5.0,0.03831186849557285,2.5625,combined,150.0,60.29761979526471,0.0
60.0,5.0,0.03831186849557285,2.625,combined,150.0,60.29761979526471,0.0
60.0,5.0,0.03831186849557285,2.6875,combined,150.0,59.740209944056815,0.0
60.0,5.0,0.03831186849557285,2.75,combined,150.0,60.29761979526471,0.0
60.0,5.0,0.03831186849557285,2.8125,combined,150.0,60.29761979526471,0.0
60.0,5.0,0.03831186849557285,2.875,combined,150.0,60.29761979526471,0.0
60.0,5.0,0.03831186849557285,2.9375,combined,150.0,60.29761979526471,0.0
60.0,5.0,0.03831186849557285,3.0,combined,150.0,60.29761979526471,0.0
60.0,5.0,0.11006941712522081,1.5,combined,150.0,,
60.0,5.0,0.11006941712522081,1.5625,combined,150.0,,
60.0,5.0,0.11006941712522081,1.625,combined,150.0,,
60.0,5.0,0.11006941712522081,1.6875,combined,150.0,19896.634336503972,0.0
60.0,5.0,0.11006941712522081,1.75,combined,150.0,5376.91367966735,0.0
60.0,5.0,0.11006941712522081,1.8125,combined,150.0,1357.986995123171,0.0
60.0,5.0,0.11006941712522081,1.875,combined,150.0,311.3334011253474,0.0
60.0,5.0,0.11006941712522081,1.9375,combined,150.0,83.04026475455048,0.0
60.0,5.0,0.11006941712522081,2.0,combined,150.0,62.90695423752247,0.0
60.0,5.0,0.11006941712522081,2.0625,combined,150.0,68.9023569023569,0.0
60.0,5.0,0.11006941712522081,2.125,combined,150.0,64.06907717215327,0.0
60.0,5.0,0.11006941712522081,2.1875,combined,150.0,56.68591287592044,0.0
60.0,5.0,0.11006941712522081,2.25,combined,150.0,57.751846381093046,0.0
60.0,5.0,0.11006941712522081,2.3125,combined,150.0,58.95165792878055,0.0
60.0,5.0,0.11006941712522081,2.375,combined,150.0,67.30934573565459,0.0
60.0,5.0,0.11006941712522081,2.4375,combined,150.0,60.02484120495566,0.0
60.0,5.0,0.11006941712522081,2.5,combined,150.0,59.188292928024126,0.0
60.0,5.0,0.11006941712522081,2.5625,combined,150.0,60.29761979526471,0.0
60.0,5.0,0.11006941712522081,2.625,combined,150.0,60.29761979526471,0.0
60.0,5.0,0.11006941712522081,2.6875,combined,150.0,67.15980264510382,0.0
60.0,5.0,0.11006941712522081,2.75,combined,150.0,60.29761979526471,0.0
60.0,5.0,0.11006941712522081,2.8125,combined,150.0,60.800150734832314,0.0
60.0,5.0,0.11006941712522081,2.875,combined,150.0,58.44518338052282,0.0
60.0,5.0,0.11006941712522081,2.9375,combined,150.0,60.29761979526471,0.0
60.0,5.0,0.11006941712522081,3.0,combined,150.0,60.29761979526471,0.0
60.0,5.0,0.31622776601683794,1.5,combined,150.0,,
60.0,5.0,0.31622776601683794,1.5625,combined,150.0,,
60.0,5.0,0.31622776601683794,1.625,combined,150.0,,
60.0,5.0,0.31622776601683794,1.6875,combined,150.0,,
60.0,5.0,0.31622776601683794,1.75,combined,150.0,27922.81382046974,0.0
60.0,5.0,0.31622776601683794,1.8125,combined,150.0,8046.462754396364,0.0
60.0,5.0,0.31622776601683794,1.875,combined,150.0,2196.4130001810604,0.0
60.0,5.0,0.31622776601683794,1.9375,combined,150.0,445.01479915433396,0.0
60.0,5.0,0.31622776601683794,2.0,combined,150.0,122.20292529560521,0.0
60.0,5.0,0.31622776601683794,2.0625,combined,150.0,66.5592841163311,0.0
60.0,5.0,0.31622776601683794,2.125,combined,150.0,57.08544461003476,0.0
60.0,5.0,0.31622776601683794,2.1875,combined,150.0,61.99313215400625,0.0
60.0,5.0,0.31622776601683794,2.25,combined,150.0,54.04286806086293,0.0
60.0,5.0,0.31622776601683794,2.3125,combined,150.0,64.99657142857141,0.0
60.0,5.0,0.31622776601683794,2.375,combined,150.0,59.4986385070067,0.0
60.0,5.0,0.31622776601683794,2.4375,combined,150.0,65.70443827120614,0.0
60.0,5.0,0.31622776601683794,2.5,combined,150.0,59.6247408431237,0.0
60.0,5.0,0.31622776601683794,2.5625,combined,150.0,75.96345471276454,0.0
60.0,5.0,0.31622776601683794,2.625,combined,150.0,60.34086775785917,0.0
60.0,5.0,0.31622776601683794,2.6875,combined,150.0,60.29761979526471,0.0
60.0,5.0,0.31622776601683794,2.75,combined,150.0,56.78655727358788,0.0
60.0,5.0,0.31622776601683794,2.8125,combined,150.0,60.29761979526471,0.0
60.0,5.0,0.31622776601683794,2.875,combined,150.0,63.99898605830165,0.0
60.0,5.0,0.31622776601683794,2.9375,combined,150.0,66.83961789844143,0.0
60.0,5.0,0.31622776601683794,3.0,combined,150.0,60.29761979526471,0.0
60.0,5.0,0.9085175756516861,1.5,combined,150.0,,
60.0,5.0,0.9085175756516861,1.5625,combined,150.0,,
60.0,5.0,0.9085175756516861,1.625,combined,150.0,,
60.0,5.0,0.9085175756516861,1.6875,combined,150.0,,
60.0,5.0,0.9085175756516861,1.75,combined,150.0,,
60.0,5.0,0.9085175756516861,1.8125,combined,150.0,40326.685856079406,0.0
60.0,5.0,0.9085175756516861,1.875,combined,150.0,12106.744429822573,0.0
60.0,5.0,0.9085175756516861,1.9375,combined,150.0,3877.2949918680947,0.0
60.0,5.0,0.9085175756516861,2.0,combined,150.0,878.5379876796716,0.0
60.0,5.0,0.9085175756516861,2.0625,combined,150.0,268.4030321739727,0.0
60.0,5.0,0.9085175756516861,2.125,combined,150.0,109.59983256592719,0.0
60.0,5.0,0.9085175756516861,2.1875,combined,150.0,57.224984288806645,0.0
60.0,5.0,0.9085175756516861,2.25,combined,150.0,62.74688569472964,0.0
60.0,5.0,0.9085175756516861,2.3125,combined,150.0,58.5981249562723,0.0
60.0,5.0,0.9085175756516861,2.375,combined,150.0,60.847759710289,0.0
60.0,5.0,0.9085175756516861,2.4375,combined,150.0,57.18209835186923,0.0
60.0,5.0,0.9085175756516861,2.5,combined,150.0,56.11654387139987,0.0
60.0,5.0,0.9085175756516861,2.5625,combined,150.0,59.60996338008706,0.0
60.0,5.0,0.9085175756516861,2.625,combined,150.0,62.23884732612912,0.0
60.0,5.0,0.9085175756516861,2.6875,combined,150.0,60.29761979526471,0.0
60.0,5.0,0.9085175756516861,2.75,combined,150.0,68.66179194073696,0.0
60.0,5.0,0.9085175756516861,2.8125,combined,150.0,60.29761979526471,0.0
60.0,5.0,0.9085175756516861,2.875,combined,150.0,66.7022478965214,0.0
60.0,5.0,0.9085175756516861,2.9375,combined,150.0,60.465871271585556,0.0
60.0,5.0,0.9085175756516861,3.0,combined,150.0,60.29761979526471,0.0
60.0,5.0,2.6101572156825332,1.5,combined,150.0,,
60.0,5.0,2.6101572156825332,1.5625,combined,150.0,,
60.0,5.0,2.6101572156825332,1.625,combined,150.0,,
60.0,5.0,2.6101572156825332,1.6875,combined,150.0,,
60.0,5.0,2.6101572156825332,1.75,combined,150.0,,
60.0,5.0,2.6101572156825332,1.8125,combined,150.0,,
60.0,5.0,2.6101572156825332,1.875,combined,150.0,58840.98949870694,0.0
60.0,5.0,2.6101572156825332,1.9375,combined,150.0,19740.45255387546,0.0
60.0,5.0,2.6101572156825332,2.0,combined,150.0,6013.3055279535565,0.0
60.0,5.0,2.6101572156825332,2.0625,combined,150.0,1670.563504724506,0.0
60.0,5.0,2.6101572156825332,2.125,combined,150.0,492.4805504101614,0.0
60.0,5.0,2.6101572156825332,2.1875,combined,150.0,178.93904368765055,0.0
60.0,5.0,2.6101572156825332,2.25,combined,150.0,88.62701500833796,0.0
60.0,5.0,2.6101572156825332,2.3125,combined,150.0,66.08512878096707,0.0
60.0,5.0,2.6101572156825332,2.375,combined,150.0,52.321619342142256,0.0
60.0,5.0,2.6101572156825332,2.4375,combined,150.0,56.43205869902638,0.0
60.0,5.0,2.6101572156825332,2.5,combined,150.0,66.41071428571428,0.0
60.0,5.0,2.6101572156825332,2.5625,combined,150.0,66.98383895662033,0.0
60.0,5.0,2.6101572156825332,2.625,combined,150.0,67.35214415421147,0.0
60.0,5.0,2.6101572156825332,2.6875,combined,150.0,57.46503340757238,0.0
60.0,5.0,2.6101572156825332,2.75,combined,150.0,64.00520524477828,0.0
60.0,5.0,2.6101572156825332,2.8125,combined,150.0,62.8097665682855,0.0
60.0,5.0,2.6101572156825332,2.875,combined,150.0,60.98416364236225,0.0
60.0,5.0,2.6101572156825332,2.9375,combined,150.0,59.8875895888344,0.0
60.0,5.0,2.6101572156825332,3.0,combined,150.0,63.66854384553499,0.0
60.0,5.0,7.498942093324558,1.5,combined,150.0,,
60.0,5.0,7.498942093324558,1.5625,combined,150.0,,
60.0,5.0,7.498942093324558,1.625,combined,150.0,,
60.0,5.0,7.498942093324558,1.6875,combined,150.0,,
60.0,5.0,7.498942093324558,1.75,combined,150.0,,
60.0,5.0,7.498942093324558,1.8125,combined,150.0,,
60.0,5.0,7.498942093324558,1.875,combined,150.0,,
60.0,5.0,7.498942093324558,1.9375,combined,150.0,,
60.0,5.0,7.498942093324558,2.0,combined,150.0,30770.48033544412,0.0
60.0,5.0,7.498942093324558,2.0625,combined,150.0,10286.047790460852,0.0
60.0,5.0,7.498942093324558,2.125,combined,150.0,3437.0614295501264,0.0
60.0,5.0,7.498942093324558,2.1875,combined,150.0,943.3110913026869,0.0
60.0,5.0,7.498942093324558,2.25,combined,150.0,293.7286853127956,0.0
60.0,5.0,7.498942093324558,2.3125,combined,150.0,125.71836392824737,0.0
60.0,5.0,7.498942093324558,2.375,combined,150.0,95.45777777777775,0.0
60.0,5.0,7.498942093324558,2.4375,combined,150.0,64.80861962980671,0.0
60.0,5.0,7.498942093324558,2.5,combined,150.0,58.38188503146433,0.0
60.0,5.0,7.498942093324558,2.5625,combined,150.0,54.19674960448728,0.0
60.0,5.0,7.498942093324558,2.625,combined,150.0,58.852994053381266,0.0
60.0,5.0,7.498942093324558,2.6875,combined,150.0,57.14165649993223,0.0
60.0,5.0,7.498942093324558,2.75,combined,150.0,50.98168003976425,0.0
60.0,5.0,7.498942093324558,2.8125,combined,150.0,55.3845455180605,0.0
60.0,5.0,7.498942093324558,2.875,combined,150.0,65.41090407177364,0.0
60.0,5.0,7.498942093324558,2.9375,combined,150.0,54.06115394841798,0.0
60.0,5.0,7.498942093324558,3.0,combined,150.0,66.64318363201045,0.0
60.0,5.0,21.54434690031882,1.5,combined,150.0,,
60.0,5.0,21.54434690031882,1.5625,combined,150.0,,
60.0,5.0,21.54434690031882,1.625,combined,150.0,,
60.0,5.0,21.54434690031882,1.6875,combined,150.0,,
60.0,5.0,21.54434690031882,1.75,combined,150.0,,
60.0,5.0,21.54434690031882,1.8125,combined,150.0,,
60.0,5.0,21.54434690031882,1.875,combined,150.0,,
60.0,5.0,21.54434690031882,1.9375,combined,150.0,,
60.0,5.0,21.54434690031882,2.0,combined,150.0,,
60.0,5.0,21.54434690031882,2.0625,combined,150.0,51241.820559915395,0.0
60.0,5.0,21.54434690031882,2.125,combined,150.0,18779.499979675624,0.0
60.0,5.0,21.54434690031882,2.1875,combined,150.0,6085.48319023482,0.0
60.0,5.0,21.54434690031882,2.25,combined,150.0,1933.4404270808056,0.0
60.0,5.0,21.54434690031882,2.3125,combined,150.0,659.5171323141803,0.0
60.0,5.0,21.54434690031882,2.375,combined,150.0,207.5597995394826,0.0
60.0,5.0,21.54434690031882,2.4375,combined,150.0,78.52527411902628,0.0
60.0,5.0,21.54434690031882,2.5,combined,150.0,67.61551433389545,0.0
60.0,5.0,21.54434690031882,2.5625,combined,150.0,59.54806070826308,0.0
60.0,5.0,21.54434690031882,2.625,combined,150.0,63.721034870641176,0.0
60.0,5.0,21.54434690031882,2.6875,combined,150.0,66.93436401967675,0.0
60.0,5.0,21.54434690031882,2.75,combined,150.0,61.598220691634396,0.0
60.0,5.0,21.54434690031882,2.8125,combined,150.0,61.747258886793766,0.0
60.0,5.0,21.54434690031882,2.875,combined,150.0,56.759614693408096,0.0
60.0,5.0,21.54434690031882,2.9375,combined,150.0,52.03805260212647,0.0
60.0,5.0,21.54434690031882,3.0,combined,150.0,61.504010420237194,0.0
60.0,5.0,61.896581889125976,1.5,combined,150.0,,
60.0,5.0,61.896581889125976,1.5625,combined,150.0,,
60.0,5.0,61.896581889125976,1.625,combined,150.0,,
60.0,5.0,61.896581889125976,1.6875,combined,150.0,,
60.0,5.0,61.896581889125976,1.75,combined,150.0,,
60.0,5.0,61.896581889125976,1.8125,combined,150.0,,
60.0,5.0,61.896581889125976,1.875,combined,150.0,,
60.0,5.0,61.896581889125976,1.9375,combined,150.0,,
60.0,5.0,61.896581889125976,2.0,combined,150.0,,
60.0,5.0,61.896581889125976,2.0625,combined,150.0,,
60.0,5.0,61.896581889125976,2.125,combined,150.0,,
60.0,5.0,61.896581889125976,2.1875,combined,150.0,32539.491558722653,0.0
60.0,5.0,61.896581889125976,2.25,combined,150.0,12462.508392961612,0.0
60.0,5.0,61.896581889125976,2.3125,combined,150.0,4216.5141700404865,0.0
60.0,5.0,61.896581889125976,2.375,combined,150.0,1518.5328476243849,0.0
60.0,5.0,61.896581889125976,2.4375,combined,150.0,474.5788575180565,0.0
60.0,5.0,61.896581889125976,2.5,combined,150.0,228.88744588744592,0.0
60.0,5.0,61.896581889125976,2.5625,combined,150.0,108.60250958522134,0.0
60.0,5.0,61.896581889125976,2.625,combined,150.0,61.75868875572788,0.0
60.0,5.0,61.896581889125976,2.6875,combined,150.0,56.01356823186758,0.0
60.0,5.0,61.896581889125976,2.75,combined,150.0,60.026452762923356,0.0
60.0,5.0,61.896581889125976,2.8125,combined,150.0,57.43348511383538,0.0
60.0,5.0,61.896581889125976,2.875,combined,150.0,58.55065827132226,0.0
60.0,5.0,61.896581889125976,2.9375,combined,150.0,58.12641083521446,0.0
60.0,5.0,61.896581889125976,3.0,combined,150.0,54.59244710908965,0.0
60.0,5.0,177.82794100389228,1.5,combined,150.0,,
60.0,5.0,177.82794100389228,1.5625,combined,150.0,,
60.0,5.0,177.82794100389228,1.625,combined,150.0,,
60.0,5.0,177.82794100389228,1.6875,combined,150.0,,
60.0,5.0,177.82794100389228,1.75,combined,150.0,,
60.0,5.0,177.82794100389228,1.8125,combined,150.0,,
60.0,5.0,177.82794100389228,1.875,combined,150.0,,
60.0,5.0,177.82794100389228,1.9375,combined,150.0,,
60.0,5.0,177.82794100389228,2.0,combined,150.0,,
60.0,5.0,177.82794100389228,2.0625,combined,150.0,,
60.0,5.0,177.82794100389228,2.125,combined,150.0,,
60.0,5.0,177.82794100389228,2.1875,combined,150.0,,
60.0,5.0,177.82794100389228,2.25,combined,150.0,57727.003540928985,0.0
60.0,5.0,177.82794100389228,2.3125,combined,150.0,22920.574297486914,0.0
60.0,5.0,177.82794100389228,2.375,combined,150.0,8735.187098953058,0.0
60.0,5.0,177.82794100389228,2.4375,combined,150.0,3353.95953165852,0.0
60.0,5.0,177.82794100389228,2.5,combined,150.0,1121.116854218323,0.0
60.0,5.0,177.82794100389228,2.5625,combined,150.0,420.4267241379311,0.0
60.0,5.0,177.82794100389228,2.625,combined,150.0,183.8278705421563,0.0
60.0,5.0,177.82794100389228,2.6875,combined,150.0,79.23447118074986,0.0
60.0,5.0,177.82794100389228,2.75,combined,150.0,67.04225352112675,0.0
60.0,5.0,177.82794100389228,2.8125,combined,150.0,57.37228087578829,0.0
60.0,5.0,177.82794100389228,2.875,combined,150.0,66.04144783534421,0.0
60.0,5.0,177.82794100389228,2.9375,combined,150.0,57.68792353234896,0.0
60.0,5.0,177.82794100389228,3.0,combined,150.0,53.77394581525991,0.0
60.0,5.0,510.8969774506914,1.5,combined,150.0,,
60.0,5.0,510.8969774506914,1.5625,combined,150.0,,
60.0,5.0,510.8969774506914,1.625,combined,150.0,,
60.0,5.0,510.8969774506914,1.6875,combined,150.0,,
60.0,5.0,510.8969774506914,1.75,combined,150.0,,
60.0,5.0,510.8969774506914,1.8125,combined,150.0,,
60.0,5.0,510.8969774506914,1.875,combined,150.0,,
60.0,5.0,510.8969774506914,1.9375,combined,150.0,,
60.0,5.0,510.8969774506914,2.0,combined,150.0,,
60.0,5.0,510.8969774506914,2.0625,combined,150.0,,
60.0,5.0,510.8969774506914,2.125,combined,150.0,,
60.0,5.0,510.8969774506914,2.1875,combined,150.0,,
60.0,5.0,510.8969774506914,2.25,combined,150.0,,
60.0,5.0,510.8969774506914,2.3125,combined,150.0,,
60.0,5.0,510.8969774506914,2.375,combined,150.0,43174.83888698042,0.0
60.0,5.0,510.8969774506914,2.4375,combined,150.0,18507.344998817687,0.0
60.0,5.0,510.8969774506914,2.5,combined,150.0,7217.718829580067,0.0
60.0,5.0,510.8969774506914,2.5625,combined,150.0,2774.3555051078324,0.0
60.0,5.0,510.8969774506914,2.625,combined,150.0,1065.0847845430278,0.0
60.0,5.0,510.8969774506914,2.6875,combined,150.0,460.2374768089054,0.0
60.0,5.0,510.8969774506914,2.75,combined,150.0,178.30379746835445,0.0
60.0,5.0,510.8969774506914,2.8125,combined,150.0,100.95130119305098,0.0
60.0,5.0,510.8969774506914,2.875,combined,150.0,66.1525778957664,0.0
60.0,5.0,510.8969774506914,2.9375,combined,150.0,60.59132645853934,0.0
60.0,5.0,510.8969774506914,3.0,combined,150.0,78.60440184593539,0.0
60.0,5.0,1467.7992676220676,1.5,combined,150.0,,
60.0,5.0,1467.7992676220676,1.5625,combined,150.0,,
60.0,5.0,1467.7992676220676,1.625,combined,150.0,,
60.0,5.0,1467.7992676220676,1.6875,combined,150.0,,
60.0,5.0,1467.7992676220676,1.75,combined,150.0,,
60.0,5.0,1467.7992676220676,1.8125,combined,150.0,,
60.0,5.0,1467.7992676220676,1.875,combined,150.0,,
60.0,5.0,1467.7992676220676,1.9375,combined,150.0,,
60.0,5.0,1467.7992676220676,2.0,combined,150.0,,
60.0,5.0,1467.7992676220676,2.0625,combined,150.0,,
60.0,5.0,1467.7992676220676,2.125,combined,150.0,,
60.0,5.0,1467.7992676220676,2.1875,combined,150.0,,
60.0,5.0,1467.7992676220676,2.25,combined,150.0,,
60.0,5.0,1467.7992676220676,2.3125,combined,150.0,,
60.0,5.0,1467.7992676220676,2.375,combined,150.0,,
60.0,5.0,1467.7992676220676,2.4375,combined,150.0,,
60.0,5.0,1467.7992676220676,2.5,combined,150.0,37189.022856800046,0.0
60.0,5.0,1467.7992676220676,2.5625,combined,150.0,15911.779426857189,0.0
60.0,5.0,1467.7992676220676,2.625,combined,150.0,6863.493186942456,0.0
60.0,5.0,1467.7992676220676,2.6875,combined,150.0,2720.243759838093,0.0
60.0,5.0,1467.7992676220676,2.75,combined,150.0,1083.5059392872859,0.0
60.0,5.0,1467.7992676220676,2.8125,combined,150.0,511.3398058252427,0.0
60.0,5.0,1467.7992676220676,2.875,combined,150.0,249.9801021780048,0.0
60.0,5.0,1467.7992676220676,2.9375,combined,150.0,164.24155124653743,0.0
60.0,5.0,1467.7992676220676,3.0,combined,150.0,72.81851154355863,0.0
60.0,5.0,4216.965034285822,1.5,combined,150.0,,
60.0,5.0,4216.965034285822,1.5625,combined,150.0,,
60.0,5.0,4216.965034285822,1.625,combined,150.0,,
60.0,5.0,4216.965034285822,1.6875,combined,150.0,,
60.0,5.0,4216.965034285822,1.75,combined,150.0,,
60.0,5.0,4216.965034285822,1.8125,combined,150.0,,
60.0,5.0,4216.965034285822,1.875,combined,150.0,,
60.0,5.0,4216.965034285822,1.9375,combined,150.0,,
60.0,5.0,4216.965034285822,2.0,combined,150.0,,
60.0,5.0,4216.965034285822,2.0625,combined,150.0,,
60.0,5.0,4216.965034285822,2.125,combined,150.0,,
60.0,5.0,4216.965034285822,2.1875,combined,150.0,,
60.0,5.0,4216.965034285822,2.25,combined,150.0,,
60.0,5.0,4216.965034285822,2.3125,combined,150.0,,
60.0,5.0,4216.965034285822,2.375,combined,150.0,,
60.0,5.0,4216.965034285822,2.4375,combined,150.0,,
60.0,5.0,4216.965034285822,2.5,combined,150.0,,
60.0,5.0,4216.965034285822,2.5625,combined,150.0,,
60.0,5.0,4216.965034285822,2.625,combined,150.0,33062.78663328869,0.0
60.0,5.0,4216.965034285822,2.6875,combined,150.0,15632.03919760203,0.0
60.0,5.0,4216.965034285822,2.75,combined,150.0,7367.015332117982,0.0
60.0,5.0,4216.965034285822,2.8125,combined,150.0,3161.4207130011637,0.0
60.0,5.0,4216.965034285822,2.875,combined,150.0,1481.5513615689056,0.0
60.0,5.0,4216.965034285822,2.9375,combined,150.0,656.9941845764854,0.0
60.0,5.0,4216.965034285822,3.0,combined,150.0,353.0730736608599,0.0
60.0,5.0,12115.276586285852,1.5,combined,150.0,,
60.0,5.0,12115.276586285852,1.5625,combined,150.0,,
60.0,5.0,12115.276586285852,1.625,combined,150.0,,
60.0,5.0,12115.276586285852,1.6875,combined,150.0,,
60.0,5.0,12115.276586285852,1.75,combined,150.0,,
60.0,5.0,12115.276586285852,1.8125,combined,150.0,,
60.0,5.0,12115.276586285852,1.875,combined,150.0,,
60.0,5.0,12115.276586285852,1.9375,combined,150.0,,
60.0,5.0,12115.276586285852,2.0,combined,150.0,,
60.0,5.0,12115.276586285852,2.0625,combined,150.0,,
60.0,5.0,12115.276586285852,2.125,combined,150.0,,
60.0,5.0,12115.276586285852,2.1875,combined,150.0,,
60.0,5.0,12115.276586285852,2.25,combined,150.0,,
60.0,5.0,12115.276586285852,2.3125,combined,150.0,,
60.0,5.0,12115.276586285852,2.375,combined,150.0,,
60.0,5.0,12115.276586285852,2.4375,combined,150.0,,
60.0,5.0,12115.276586285852,2.5,combined,150.0,,
60.0,5.0,12115.276586285852,2.5625,combined,150.0,,
60.0,5.0,12115.276586285852,2.625,combined,150.0,,
60.0,5.0,12115.276586285852,2.6875,combined,150.0,70411.96055703629,0.0
60.0,5.0,12115.276586285852,2.75,combined,150.0,36151.74370886566,0.0
60.0,5.0,12115.276586285852,2.8125,combined,150.0,17757.73279577367,0.0
60.0,5.0,12115.276586285852,2.875,combined,150.0,8801.515192437542,0.0
60.0,5.0,12115.276586285852,2.9375,combined,150.0,4671.232069349606,0.0
60.0,5.0,12115.276586285852,3.0,combined,150.0,2108.0448933782272,0.0
60.0,5.0,34807.00588428406,1.5,combined,150.0,,
60.0,5.0,34807.00588428406,1.5625,combined,150.0,,
60.0,5.0,34807.00588428406,1.625,combined,150.0,,
60.0,5.0,34807.00588428406,1.6875,combined,150.0,,
60.0,5.0,34807.00588428406,1.75,combined,150.0,,
60.0,5.0,34807.00588428406,1.8125,combined,150.0,,
60.0,5.0,34807.00588428406,1.875,combined,150.0,,
60.0,5.0,34807.00588428406,1.9375,combined,150.0,,
60.0,5.0,34807.00588428406,2.0,combined,150.0,,
60.0,5.0,34807.00588428406,2.0625,combined,150.0,,
60.0,5.0,34807.00588428406,2.125,combined,150.0,,
60.0,5.0,34807.00588428406,2.1875,combined,150.0,,
60.0,5.0,34807.00588428406,2.25,combined,150.0,,
60.0,5.0,34807.00588428406,2.3125,combined,150.0,,
60.0,5.0,34807.00588428406,2.375,combined,150.0,,
60.0,5.0,34807.00588428406,2.4375,combined,150.0,,
60.0,5.0,34807.00588428406,2.5,combined,150.0,,
60.0,5.0,34807.00588428406,2.5625,combined,150.0,,
60.0,5.0,34807.00588428406,2.625,combined,150.0,,
60.0,5.0,34807.00588428406,2.6875,combined,150.0,,
60.0,5.0,34807.00588428406,2.75,combined,150.0,,
60.0,5.0,34807.00588428406,2.8125,combined,150.0,82637.50894548514,0.0
60.0,5.0,34807.00588428406,2.875,combined,150.0,43602.31061644689,0.0
60.0,5.0,34807.00588428406,2.9375,combined,150.0,23552.05666034388,0.0
60.0,5.0,34807.00588428406,3.0,combined,150.0,13568.962083563409,0.0
60.0,5.0,100000.0,1.5,combined,150.0,,
60.0,5.0,100000.0,1.5625,combined,150.0,,
60.0,5.0,100000.0,1.625,combined,150.0,,
60.0,5.0,100000.0,1.6875,combined,150.0,,
60.0,5.0,100000.0,1.75,combined,150.0,,
60.0,5.0,100000.0,1.8125,combined,150.0,,
60.0,5.0,100000.0,1.875,combined,150.0,,
60.0,5.0,100000.0,1.9375,combined,150.0,,
60.0,5.0,100000.0,2.0,combined,150.0,,
60.0,5.0,100000.0,2.0625,combined,150.0,,
60.0,5.0,100000.0,2.125,combined,150.0,,
60.0,5.0,100000.0,2.1875,combined,150.0,,
60.0,5.0,100000.0,2.25,combined,150.0,,
60.0,5.0,100000.0,2.3125,combined,150.0,,
60.0,5.0,100000.0,2.375,combined,150.0,,
60.0,5.0,100000.0,2.4375,combined,150.0,,
60.0,5.0,100000.0,2.5,combined,150.0,,
60.0,5.0,100000.0,2.5625,combined,150.0,,
60.0,5.0,100000.0,2.625,combined,150.0,,
60.0,5.0,100000.0,2.6875,combined,150.0,,
60.0,5.0,100000.0,2.75,combined,150.0,,
60.0,5.0,100000.0,2.8125,combined,150.0,,
60.0,5.0,100000.0,2.875,combined,150.0,,
60.0,5.0,100000.0,2.9375,combined,150.0,,
60.0,5.0,100000.0,3.0,combined,150.0,63915.92600786099,0.0
