zenith_cut,angle,phi0,gamma,detector,mean_max_efstat,mean_max_efstat_error
5.0,30.0,1e-14,1.5,arca,66.79296285216397,0.0
5.0,30.0,1e-14,1.5625,arca,66.79296285216397,0.0
5.0,30.0,1e-14,1.625,arca,66.79296285216397,0.0
5.0,30.0,1e-14,1.6875,arca,69.3514592122808,0.0
5.0,30.0,1e-14,1.75,arca,67.93967689042381,0.0
5.0,30.0,1e-14,1.8125,arca,66.79296285216397,0.0
5.0,30.0,1e-14,1.875,arca,66.79296285216397,0.0
5.0,30.0,1e-14,1.9375,arca,62.19484186952927,0.0
5.0,30.0,1e-14,2.0,arca,60.58623992100851,0.0
5.0,30.0,1e-14,2.0625,arca,66.79296285216397,0.0
5.0,30.0,1e-14,2.125,arca,66.79296285216397,0.0
5.0,30.0,1e-14,2.1875,arca,66.79296285216397,0.0
5.0,30.0,1e-14,2.25,arca,66.79296285216397,0.0
5.0,30.0,1e-14,2.3125,arca,66.79296285216397,0.0
5.0,30.0,1e-14,2.375,arca,66.79296285216397,0.0
5.0,30.0,1e-14,2.4375,arca,66.79296285216397,0.0
5.0,30.0,1e-14,2.5,arca,65.10090707465105,0.0
5.0,30.0,1e-14,2.5625,arca,66.79296285216397,0.0
5.0,30.0,1e-14,2.625,arca,66.79296285216397,0.0
5.0,30.0,1e-14,2.6875,arca,66.79296285216397,0.0
5.0,30.0,1e-14,2.75,arca,66.79296285216397,0.0
5.0,30.0,1e-14,2.8125,arca,66.79296285216397,0.0
5.0,30.0,1e-14,2.875,arca,67.47978175971852,0.0
5.0,30.0,1e-14,2.9375,arca,66.79296285216397,0.0
5.0,30.0,1e-14,3.0,arca,66.79296285216397,0.0
5.0,30.0,2.1544346900318866e-14,1.5,arca,66.79296285216397,0.0
5.0,30.0,2.1544346900318866e-14,1.5625,arca,66.79296285216397,0.0
5.0,30.0,2.1544346900318866e-14,1.625,arca,66.79296285216397,0.0
5.0,30.0,2.1544346900318866e-14,1.6875,arca,66.79296285216397,0.0
5.0,30.0,2.1544346900318866e-14,1.75,arca,66.79296285216397,0.0
5.0,30.0,2.1544346900318866e-14,1.8125,arca,66.79296285216397,0.0
5.0,30.0,2.1544346900318866e-14,1.875,arca,66.79296285216397,0.0
5.0,30.0,2.1544346900318866e-14,1.9375,arca,66.79296285216397,0.0
5.0,30.0,2.1544346900318866e-14,2.0,arca,66.79296285216397,0.0
5.0,30.0,2.1544346900318866e-14,2.0625,arca,66.79296285216397,0.0
5.0,30.0,2.1544346900318866e-14,2.125,arca,66.79296285216397,0.0
5.0,30.0,2.1544346900318866e-14,2.1875,arca,66.79296285216397,0.0
5.0,30.0,2.1544346900318866e-14,2.25,arca,66.79296285216397,0.0
5.0,30.0,2.1544346900318866e-14,2.3125,arca,66.79296285216397,0.0
5.0,30.0,2.1544346900318866e-14,2.375,arca,66.79296285216397,0.0
5.0,30.0,2.1544346900318866e-14,2.4375,arca,66.79296285216397,0.0
5.0,30.0,2.1544346900318866e-14,2.5,arca,66.79296285216397,0.0
5.0,30.0,2.1544346900318866e-14,2.5625,arca,66.79296285216397,0.0
5.0,30.0,2.1544346900318866e-14,2.625,arca,66.79296285216397,0.0
5.0,30.0,2.1544346900318866e-14,2.6875,arca,66.79296285216397,0.0
5.0,30.0,2.1544346900318866e-14,2.75,arca,66.79296285216397,0.0
5.0,30.0,2.1544346900318866e-14,2.8125,arca,66.79296285216397,0.0
5.0,30.0,2.1544346900318866e-14,2.875,arca,66.79296285216397,0.0
5.0,30.0,2.1544346900318866e-14,2.9375,arca,61.33786817069199,0.0
5.0,30.0,2.1544346900318866e-14,3.0,arca,66.79296285216397,0.0
5.0,30.0,4.6415888336127726e-14,1.5,arca,66.79296285216397,0.0
5.0,30.0,4.6415888336127726e-14,1.5625,arca,64.45095217897014,0.0
5.0,30.0,4.6415888336127726e-14,1.625,arca,69.47349411518428,0.0
5.0,30.0,4.6415888336127726e-14,1.6875,arca,66.79296285216397,0.0
5.0,30.0,4.6415888336127726e-14,1.75,arca,66.79296285216397,0.0
5.0,30.0,4.6415888336127726e-14,1.8125,arca,65.19273355806544,0.0
5.0,30.0,4.6415888336127726e-14,1.875,arca,61.73761221057269,0.0
5.0,30.0,4.6415888336127726e-14,1.9375,arca,66.79296285216397,0.0
5.0,30.0,4.6415888336127726e-14,2.0,arca,60.7803755147449,0.0
5.0,30.0,4.6415888336127726e-14,2.0625,arca,73.26582373419501,0.0
5.0,30.0,4.6415888336127726e-14,2.125,arca,70.63481984469625,0.0
5.0,30.0,4.6415888336127726e-14,2.1875,arca,66.79296285216397,0.0
5.0,30.0,4.6415888336127726e-14,2.25,arca,66.79296285216397,0.0
5.0,30.0,4.6415888336127726e-14,2.3125,arca,66.79296285216397,0.0
5.0,30.0,4.6415888336127726e-14,2.375,arca,67.74827613141082,0.0
5.0,30.0,4.6415888336127726e-14,2.4375,arca,66.79296285216397,0.0
5.0,30.0,4.6415888336127726e-14,2.5,arca,66.79296285216397,0.0
5.0,30.0,4.6415888336127726e-14,2.5625,arca,66.79296285216397,0.0
5.0,30.0,4.6415888336127726e-14,2.625,arca,61.21541139448182,0.0
5.0,30.0,4.6415888336127726e-14,2.6875,arca,66.79296285216397,0.0
5.0,30.0,4.6415888336127726e-14,2.75,arca,62.63323020396494,0.0
5.0,30.0,4.6415888336127726e-14,2.8125,arca,66.79296285216397,0.0
5.0,30.0,4.6415888336127726e-14,2.875,arca,66.79296285216397,0.0
5.0,30.0,4.6415888336127726e-14,2.9375,arca,66.79296285216397,0.0
5.0,30.0,4.6415888336127726e-14,3.0,arca,66.79296285216397,0.0
5.0,30.0,1e-13,1.5,arca,68.567449719215,0.0
5.0,30.0,1e-13,1.5625,arca,66.79296285216397,0.0
5.0,30.0,1e-13,1.625,arca,59.875193179456474,0.0
5.0,30.0,1e-13,1.6875,arca,64.84234429555738,0.0
5.0,30.0,1e-13,1.75,arca,71.35093406911034,0.0
5.0,30.0,1e-13,1.8125,arca,66.7610899313714,0.0
5.0,30.0,1e-13,1.875,arca,59.34487937098043,0.0
5.0,30.0,1e-13,1.9375,arca,63.04164267999765,0.0
5.0,30.0,1e-13,2.0,arca,64.2104761502968,0.0
5.0,30.0,1e-13,2.0625,arca,64.20920272957021,0.0
5.0,30.0,1e-13,2.125,arca,66.79296285216397,0.0
5.0,30.0,1e-13,2.1875,arca,74.79244675748348,0.0
5.0,30.0,1e-13,2.25,arca,59.339191739896755,0.0
5.0,30.0,1e-13,2.3125,arca,67.90977159362691,0.0
5.0,30.0,1e-13,2.375,arca,66.79296285216397,0.0
5.0,30.0,1e-13,2.4375,arca,71.78644874377707,0.0
5.0,30.0,1e-13,2.5,arca,60.583992262385145,0.0
5.0,30.0,1e-13,2.5625,arca,66.79296285216397,0.0
5.0,30.0,1e-13,2.625,arca,62.322867319874284,0.0
5.0,30.0,1e-13,2.6875,arca,65.98039632381264,0.0
5.0,30.0,1e-13,2.75,arca,66.79296285216397,0.0
5.0,30.0,1e-13,2.8125,arca,67.74827613141082,0.0
5.0,30.0,1e-13,2.875,arca,67.49155879774402,0.0
5.0,30.0,1e-13,2.9375,arca,60.410306510925494,0.0
5.0,30.0,1e-13,3.0,arca,66.79296285216397,0.0
5.0,30.0,2.1544346900318865e-13,1.5,arca,70.84029218503488,0.0
5.0,30.0,2.1544346900318865e-13,1.5625,arca,64.11824796072337,0.0
5.0,30.0,2.1544346900318865e-13,1.625,arca,71.1045638250987,0.0
5.0,30.0,2.1544346900318865e-13,1.6875,arca,63.46784678467847,0.0
5.0,30.0,2.1544346900318865e-13,1.75,arca,60.798993922428714,0.0
5.0,30.0,2.1544346900318865e-13,1.8125,arca,64.22801429938856,0.0
5.0,30.0,2.1544346900318865e-13,1.875,arca,58.590239649509854,0.0
5.0,30.0,2.1544346900318865e-13,1.9375,arca,66.79296285216397,0.0
5.0,30.0,2.1544346900318865e-13,2.0,arca,62.72739374791996,0.0
5.0,30.0,2.1544346900318865e-13,2.0625,arca,71.59504797199017,0.0
5.0,30.0,2.1544346900318865e-13,2.125,arca,66.79296285216397,0.0
5.0,30.0,2.1544346900318865e-13,2.1875,arca,66.79296285216397,0.0
5.0,30.0,2.1544346900318865e-13,2.25,arca,71.25005975563461,0.0
5.0,30.0,2.1544346900318865e-13,2.3125,arca,66.4968144109238,0.0
5.0,30.0,2.1544346900318865e-13,2.375,arca,65.72175494856864,0.0
5.0,30.0,2.1544346900318865e-13,2.4375,arca,62.68989222741726,0.0
5.0,30.0,2.1544346900318865e-13,2.5,arca,58.49557040854756,0.0
5.0,30.0,2.1544346900318865e-13,2.5625,arca,59.67005588538848,0.0
5.0,30.0,2.1544346900318865e-13,2.625,arca,65.42354650822112,0.0
5.0,30.0,2.1544346900318865e-13,2.6875,arca,63.84227222012133,0.0
5.0,30.0,2.1544346900318865e-13,2.75,arca,60.951597970161856,0.0
5.0,30.0,2.1544346900318865e-13,2.8125,arca,66.79296285216397,0.0
5.0,30.0,2.1544346900318865e-13,2.875,arca,64.17095047303754,0.0
5.0,30.0,2.1544346900318865e-13,2.9375,arca,64.97798276368499,0.0
5.0,30.0,2.1544346900318865e-13,3.0,arca,69.18547162630922,0.0
5.0,30.0,4.641588833612772e-13,1.5,arca,68.78664589041205,0.0
5.0,30.0,4.641588833612772e-13,1.5625,arca,61.91762541633517,0.0
5.0,30.0,4.641588833612772e-13,1.625,arca,64.9684042061041,0.0
5.0,30.0,4.641588833612772e-13,1.6875,arca,64.24270913022177,0.0
5.0,30.0,4.641588833612772e-13,1.75,arca,68.59150174357869,0.0
5.0,30.0,4.641588833612772e-13,1.8125,arca,65.05478326028847,0.0
5.0,30.0,4.641588833612772e-13,1.875,arca,58.39710544861326,0.0
5.0,30.0,4.641588833612772e-13,1.9375,arca,66.19503964207664,0.0
5.0,30.0,4.641588833612772e-13,2.0,arca,65.7795859814384,0.0
5.0,30.0,4.641588833612772e-13,2.0625,arca,66.88477645391113,0.0
5.0,30.0,4.641588833612772e-13,2.125,arca,59.090411256442856,0.0
5.0,30.0,4.641588833612772e-13,2.1875,arca,70.73805078270868,0.0
5.0,30.0,4.641588833612772e-13,2.25,arca,84.18172443211114,0.0
5.0,30.0,4.641588833612772e-13,2.3125,arca,65.82830508434847,0.0
5.0,30.0,4.641588833612772e-13,2.375,arca,60.895345738966,0.0
5.0,30.0,4.641588833612772e-13,2.4375,arca,60.511292011062324,0.0
5.0,30.0,4.641588833612772e-13,2.5,arca,65.36553284863186,0.0
5.0,30.0,4.641588833612772e-13,2.5625,arca,56.873078930671156,0.0
5.0,30.0,4.641588833612772e-13,2.625,arca,65.9523592243402,0.0
5.0,30.0,4.641588833612772e-13,2.6875,arca,64.79350404590673,0.0
5.0,30.0,4.641588833612772e-13,2.75,arca,71.21324157484696,0.0
5.0,30.0,4.641588833612772e-13,2.8125,arca,63.18656025428952,0.0
5.0,30.0,4.641588833612772e-13,2.875,arca,66.79296285216397,0.0
5.0,30.0,4.641588833612772e-13,2.9375,arca,60.268511528825584,0.0
5.0,30.0,4.641588833612772e-13,3.0,arca,69.12159616452955,0.0
5.0,30.0,1e-12,1.5,arca,57.880955190291814,0.0
5.0,30.0,1e-12,1.5625,arca,72.38361439757435,0.0
5.0,30.0,1e-12,1.625,arca,65.11238076187381,0.0
5.0,30.0,1e-12,1.6875,arca,68.87789872515489,0.0
5.0,30.0,1e-12,1.75,arca,59.569684360585164,0.0
5.0,30.0,1e-12,1.8125,arca,58.690652248648306,0.0
5.0,30.0,1e-12,1.875,arca,57.70384908679511,0.0
5.0,30.0,1e-12,1.9375,arca,71.77624082332977,0.0
5.0,30.0,1e-12,2.0,arca,66.5960342781147,0.0
5.0,30.0,1e-12,2.0625,arca,62.95414891522128,0.0
5.0,30.0,1e-12,2.125,arca,61.528293039743424,0.0
5.0,30.0,1e-12,2.1875,arca,57.56341327349411,0.0
5.0,30.0,1e-12,2.25,arca,60.22683748008536,0.0
5.0,30.0,1e-12,2.3125,arca,64.81831054263967,0.0
5.0,30.0,1e-12,2.375,arca,68.41707429727194,0.0
5.0,30.0,1e-12,2.4375,arca,73.67937344811367,0.0
5.0,30.0,1e-12,2.5,arca,57.40242594150956,0.0
5.0,30.0,1e-12,2.5625,arca,65.00591220308097,0.0
5.0,30.0,1e-12,2.625,arca,75.71355965579647,0.0
5.0,30.0,1e-12,2.6875,arca,59.19777228419004,0.0
5.0,30.0,1e-12,2.75,arca,60.69002645078865,0.0
5.0,30.0,1e-12,2.8125,arca,69.53060857743364,0.0
5.0,30.0,1e-12,2.875,arca,69.53266959882922,0.0
5.0,30.0,1e-12,2.9375,arca,67.74827613141082,0.0
5.0,30.0,1e-12,3.0,arca,61.94131849001998,0.0
5.0,30.0,2.1544346900318775e-12,1.5,arca,62.20619807812379,0.0
5.0,30.0,2.1544346900318775e-12,1.5625,arca,64.24625073250769,0.0
5.0,30.0,2.1544346900318775e-12,1.625,arca,59.71750056259845,0.0
5.0,30.0,2.1544346900318775e-12,1.6875,arca,69.05673500583778,0.0
5.0,30.0,2.1544346900318775e-12,1.75,arca,61.77836019047709,0.0
5.0,30.0,2.1544346900318775e-12,1.8125,arca,64.40532599862475,0.0
5.0,30.0,2.1544346900318775e-12,1.875,arca,63.26979824553865,0.0
5.0,30.0,2.1544346900318775e-12,1.9375,arca,57.43648846861054,0.0
5.0,30.0,2.1544346900318775e-12,2.0,arca,62.084186376522595,0.0
5.0,30.0,2.1544346900318775e-12,2.0625,arca,62.92086508010305,0.0
5.0,30.0,2.1544346900318775e-12,2.125,arca,67.24402368491374,0.0
5.0,30.0,2.1544346900318775e-12,2.1875,arca,58.62000473571802,0.0
5.0,30.0,2.1544346900318775e-12,2.25,arca,60.12800604510543,0.0
5.0,30.0,2.1544346900318775e-12,2.3125,arca,60.32683832492546,0.0
5.0,30.0,2.1544346900318775e-12,2.375,arca,64.03892899170629,0.0
5.0,30.0,2.1544346900318775e-12,2.4375,arca,72.00508498678748,0.0
5.0,30.0,2.1544346900318775e-12,2.5,arca,58.53757108914945,0.0
5.0,30.0,2.1544346900318775e-12,2.5625,arca,67.27711103159808,0.0
5.0,30.0,2.1544346900318775e-12,2.625,arca,65.91858331848766,0.0
5.0,30.0,2.1544346900318775e-12,2.6875,arca,58.22495073518266,0.0
5.0,30.0,2.1544346900318775e-12,2.75,arca,62.589659839280856,0.0
5.0,30.0,2.1544346900318775e-12,2.8125,arca,66.19759205581556,0.0
5.0,30.0,2.1544346900318775e-12,2.875,arca,70.73007279785702,0.0
5.0,30.0,2.1544346900318775e-12,2.9375,arca,59.54770501627973,0.0
5.0,30.0,2.1544346900318775e-12,3.0,arca,61.06886639834317,0.0
5.0,30.0,4.6415888336127725e-12,1.5,arca,73.7480214545591,0.0
5.0,30.0,4.6415888336127725e-12,1.5625,arca,61.85565412001527,0.0
5.0,30.0,4.6415888336127725e-12,1.625,arca,69.33219892894515,0.0
5.0,30.0,4.6415888336127725e-12,1.6875,arca,60.111199144255345,0.0
5.0,30.0,4.6415888336127725e-12,1.75,arca,95.99803716263733,0.0
5.0,30.0,4.6415888336127725e-12,1.8125,arca,67.26846346611114,0.0
5.0,30.0,4.6415888336127725e-12,1.875,arca,62.04198595571033,0.0
5.0,30.0,4.6415888336127725e-12,1.9375,arca,60.45037675238894,0.0
5.0,30.0,4.6415888336127725e-12,2.0,arca,72.87053757357774,0.0
5.0,30.0,4.6415888336127725e-12,2.0625,arca,73.41608244071526,0.0
5.0,30.0,4.6415888336127725e-12,2.125,arca,61.975814895498964,0.0
5.0,30.0,4.6415888336127725e-12,2.1875,arca,57.193526053477584,0.0
5.0,30.0,4.6415888336127725e-12,2.25,arca,67.46676502489692,0.0
5.0,30.0,4.6415888336127725e-12,2.3125,arca,63.311666331981826,0.0
5.0,30.0,4.6415888336127725e-12,2.375,arca,62.981909107957755,0.0
5.0,30.0,4.6415888336127725e-12,2.4375,arca,68.19489621709047,0.0
5.0,30.0,4.6415888336127725e-12,2.5,arca,58.527883969179314,0.0
5.0,30.0,4.6415888336127725e-12,2.5625,arca,77.20360772179049,0.0
5.0,30.0,4.6415888336127725e-12,2.625,arca,58.75217244526688,0.0
5.0,30.0,4.6415888336127725e-12,2.6875,arca,62.81234514266605,0.0
5.0,30.0,4.6415888336127725e-12,2.75,arca,61.535957916649096,0.0
5.0,30.0,4.6415888336127725e-12,2.8125,arca,71.09953116209292,0.0
5.0,30.0,4.6415888336127725e-12,2.875,arca,57.02054304159567,0.0
5.0,30.0,4.6415888336127725e-12,2.9375,arca,66.35718884589659,0.0
5.0,30.0,4.6415888336127725e-12,3.0,arca,63.276054982216415,0.0
5.0,30.0,1e-11,1.5,arca,66.50858900307554,0.0
5.0,30.0,1e-11,1.5625,arca,67.21295722523116,0.0
5.0,30.0,1e-11,1.625,arca,61.57612463911927,0.0
5.0,30.0,1e-11,1.6875,arca,66.89402961282035,0.0
5.0,30.0,1e-11,1.75,arca,62.485055761035966,0.0
5.0,30.0,1e-11,1.8125,arca,70.92499150241252,0.0
5.0,30.0,1e-11,1.875,arca,69.23244277314629,0.0
5.0,30.0,1e-11,1.9375,arca,67.85323271517446,0.0
5.0,30.0,1e-11,2.0,arca,66.46400024380391,0.0
5.0,30.0,1e-11,2.0625,arca,75.48826887583434,0.0
5.0,30.0,1e-11,2.125,arca,60.63492976413002,0.0
5.0,30.0,1e-11,2.1875,arca,59.97975500342638,0.0
5.0,30.0,1e-11,2.25,arca,61.082967357566396,0.0
5.0,30.0,1e-11,2.3125,arca,59.88873484564892,0.0
5.0,30.0,1e-11,2.375,arca,67.30949426630951,0.0
5.0,30.0,1e-11,2.4375,arca,60.247797173537485,0.0
5.0,30.0,1e-11,2.5,arca,70.16424612263623,0.0
5.0,30.0,1e-11,2.5625,arca,61.18475120059135,0.0
5.0,30.0,1e-11,2.625,arca,57.78444727144291,0.0
5.0,30.0,1e-11,2.6875,arca,74.23144153935468,0.0
5.0,30.0,1e-11,2.75,arca,64.71911180015505,0.0
5.0,30.0,1e-11,2.8125,arca,59.43970358747303,0.0
5.0,30.0,1e-11,2.875,arca,64.45129226516185,0.0
5.0,30.0,1e-11,2.9375,arca,62.819794237203894,0.0
5.0,30.0,1e-11,3.0,arca,64.22282570481678,0.0
5.0,30.0,2.1544346900318777e-11,1.5,arca,64.12557067457386,0.0
5.0,30.0,2.1544346900318777e-11,1.5625,arca,66.56945212887334,0.0
5.0,30.0,2.1544346900318777e-11,1.625,arca,64.63338091900512,0.0
5.0,30.0,2.1544346900318777e-11,1.6875,arca,70.06487301337972,0.0
5.0,30.0,2.1544346900318777e-11,1.75,arca,59.950146348019175,0.0
5.0,30.0,2.1544346900318777e-11,1.8125,arca,69.18408771946275,0.0
5.0,30.0,2.1544346900318777e-11,1.875,arca,71.002804025355,0.0
5.0,30.0,2.1544346900318777e-11,1.9375,arca,69.4535006024878,0.0
5.0,30.0,2.1544346900318777e-11,2.0,arca,65.44238247904154,0.0
5.0,30.0,2.1544346900318777e-11,2.0625,arca,69.61464218878805,0.0
5.0,30.0,2.1544346900318777e-11,2.125,arca,68.56277692253595,0.0
5.0,30.0,2.1544346900318777e-11,2.1875,arca,60.627411282540145,0.0
5.0,30.0,2.1544346900318777e-11,2.25,arca,66.57703655548332,0.0
5.0,30.0,2.1544346900318777e-11,2.3125,arca,69.71436441250772,0.0
5.0,30.0,2.1544346900318777e-11,2.375,arca,71.42347344245849,0.0
5.0,30.0,2.1544346900318777e-11,2.4375,arca,59.50010275998471,0.0
5.0,30.0,2.1544346900318777e-11,2.5,arca,59.76344381790676,0.0
5.0,30.0,2.1544346900318777e-11,2.5625,arca,58.03944711523435,0.0
5.0,30.0,2.1544346900318777e-11,2.625,arca,75.01198357181704,0.0
5.0,30.0,2.1544346900318777e-11,2.6875,arca,66.32022204996123,0.0
5.0,30.0,2.1544346900318777e-11,2.75,arca,62.61930474233957,0.0
5.0,30.0,2.1544346900318777e-11,2.8125,arca,69.83858187109368,0.0
5.0,30.0,2.1544346900318777e-11,2.875,arca,63.9578397234326,0.0
5.0,30.0,2.1544346900318777e-11,2.9375,arca,64.65548603254177,0.0
5.0,30.0,2.1544346900318777e-11,3.0,arca,65.33328150405949,0.0
5.0,30.0,4.641588833612772e-11,1.5,arca,70.82653192801259,0.0
5.0,30.0,4.641588833612772e-11,1.5625,arca,61.00223171029023,0.0
5.0,30.0,4.641588833612772e-11,1.625,arca,61.88119820825167,0.0
5.0,30.0,4.641588833612772e-11,1.6875,arca,72.88511392733436,0.0
5.0,30.0,4.641588833612772e-11,1.75,arca,62.35905162308738,0.0
5.0,30.0,4.641588833612772e-11,1.8125,arca,79.69562662119189,0.0
5.0,30.0,4.641588833612772e-11,1.875,arca,64.13140082424408,0.0
5.0,30.0,4.641588833612772e-11,1.9375,arca,65.60092966987966,0.0
5.0,30.0,4.641588833612772e-11,2.0,arca,60.37846235601195,0.0
5.0,30.0,4.641588833612772e-11,2.0625,arca,67.14378258685204,0.0
5.0,30.0,4.641588833612772e-11,2.125,arca,75.36500351271494,0.0
5.0,30.0,4.641588833612772e-11,2.1875,arca,69.07765116289974,0.0
5.0,30.0,4.641588833612772e-11,2.25,arca,63.18907445469962,0.0
5.0,30.0,4.641588833612772e-11,2.3125,arca,60.56225818224161,0.0
5.0,30.0,4.641588833612772e-11,2.375,arca,58.17254884799685,0.0
5.0,30.0,4.641588833612772e-11,2.4375,arca,71.51442896404814,0.0
5.0,30.0,4.641588833612772e-11,2.5,arca,63.604576100709544,0.0
5.0,30.0,4.641588833612772e-11,2.5625,arca,67.9901229319889,0.0
5.0,30.0,4.641588833612772e-11,2.625,arca,65.98662259366489,0.0
5.0,30.0,4.641588833612772e-11,2.6875,arca,68.00690382699408,0.0
5.0,30.0,4.641588833612772e-11,2.75,arca,62.33416631112737,0.0
5.0,30.0,4.641588833612772e-11,2.8125,arca,64.29112210842013,0.0
5.0,30.0,4.641588833612772e-11,2.875,arca,69.76696728094502,0.0
5.0,30.0,4.641588833612772e-11,2.9375,arca,70.09708397939278,0.0
5.0,30.0,4.641588833612772e-11,3.0,arca,71.37676395889501,0.0
5.0,30.0,9.999999999999999e-11,1.5,arca,56.54855996630531,0.0
5.0,30.0,9.999999999999999e-11,1.5625,arca,71.90409481748196,0.0
5.0,30.0,9.999999999999999e-11,1.625,arca,67.86110616163225,0.0
5.0,30.0,9.999999999999999e-11,1.6875,arca,65.52963483025346,0.0
5.0,30.0,9.999999999999999e-11,1.75,arca,63.32163081469627,0.0
5.0,30.0,9.999999999999999e-11,1.8125,arca,76.5564271650467,0.0
5.0,30.0,9.999999999999999e-11,1.875,arca,58.47988589047079,0.0
5.0,30.0,9.999999999999999e-11,1.9375,arca,73.01335967341632,0.0
5.0,30.0,9.999999999999999e-11,2.0,arca,77.68332975169474,0.0
5.0,30.0,9.999999999999999e-11,2.0625,arca,67.75449411555103,0.0
5.0,30.0,9.999999999999999e-11,2.125,arca,61.66623740240945,0.0
5.0,30.0,9.999999999999999e-11,2.1875,arca,64.26657482846755,0.0
5.0,30.0,9.999999999999999e-11,2.25,arca,80.45459490212505,0.0
5.0,30.0,9.999999999999999e-11,2.3125,arca,84.25403726805146,0.0
5.0,30.0,9.999999999999999e-11,2.375,arca,68.26759106154333,0.0
5.0,30.0,9.999999999999999e-11,2.4375,arca,67.75525283223524,0.0
5.0,30.0,9.999999999999999e-11,2.5,arca,72.8219140404012,0.0
5.0,30.0,9.999999999999999e-11,2.5625,arca,60.894499768293656,0.0
5.0,30.0,9.999999999999999e-11,2.625,arca,61.92894625806754,0.0
5.0,30.0,9.999999999999999e-11,2.6875,arca,58.18883587898112,0.0
5.0,30.0,9.999999999999999e-11,2.75,arca,65.3350360908002,0.0
5.0,30.0,9.999999999999999e-11,2.8125,arca,69.34348396774797,0.0
5.0,30.0,9.999999999999999e-11,2.875,arca,53.335374654125445,0.0
5.0,30.0,9.999999999999999e-11,2.9375,arca,65.5604010902453,0.0
5.0,30.0,9.999999999999999e-11,3.0,arca,63.66965609817462,0.0
5.0,30.0,2.1544346900318779e-10,1.5,arca,55.0893196874436,0.0
5.0,30.0,2.1544346900318779e-10,1.5625,arca,68.26767454147011,0.0
5.0,30.0,2.1544346900318779e-10,1.625,arca,65.88499423251861,0.0
5.0,30.0,2.1544346900318779e-10,1.6875,arca,69.11400001875464,0.0
5.0,30.0,2.1544346900318779e-10,1.75,arca,68.00013986418327,0.0
5.0,30.0,2.1544346900318779e-10,1.8125,arca,75.30258542482092,0.0
5.0,30.0,2.1544346900318779e-10,1.875,arca,72.81889960677917,0.0
5.0,30.0,2.1544346900318779e-10,1.9375,arca,69.28526169281132,0.0
5.0,30.0,2.1544346900318779e-10,2.0,arca,63.4549273586557,0.0
5.0,30.0,2.1544346900318779e-10,2.0625,arca,62.70902136765164,0.0
5.0,30.0,2.1544346900318779e-10,2.125,arca,61.193112254067685,0.0
5.0,30.0,2.1544346900318779e-10,2.1875,arca,63.212751059488426,0.0
5.0,30.0,2.1544346900318779e-10,2.25,arca,66.75972148960861,0.0
5.0,30.0,2.1544346900318779e-10,2.3125,arca,59.24673993063316,0.0
5.0,30.0,2.1544346900318779e-10,2.375,arca,68.70521749254371,0.0
5.0,30.0,2.1544346900318779e-10,2.4375,arca,70.73669951528043,0.0
5.0,30.0,2.1544346900318779e-10,2.5,arca,82.8080887006665,0.0
5.0,30.0,2.1544346900318779e-10,2.5625,arca,70.79795441189344,0.0
5.0,30.0,2.1544346900318779e-10,2.625,arca,70.0998528599325,0.0
5.0,30.0,2.1544346900318779e-10,2.6875,arca,63.70331485582385,0.0
5.0,30.0,2.1544346900318779e-10,2.75,arca,56.34597186026249,0.0
5.0,30.0,2.1544346900318779e-10,2.8125,arca,66.55447941131644,0.0
5.0,30.0,2.1544346900318779e-10,2.875,arca,59.55612152807892,0.0
5.0,30.0,2.1544346900318779e-10,2.9375,arca,66.01617527209478,0.0
5.0,30.0,2.1544346900318779e-10,3.0,arca,74.35373434661142,0.0
5.0,30.0,4.6415888336127727e-10,1.5,arca,88.59187076879314,0.0
5.0,30.0,4.6415888336127727e-10,1.5625,arca,76.53190970694838,0.0
5.0,30.0,4.6415888336127727e-10,1.625,arca,77.44153108118564,0.0
5.0,30.0,4.6415888336127727e-10,1.6875,arca,80.43134423975374,0.0
5.0,30.0,4.6415888336127727e-10,1.75,arca,70.00658819999624,0.0
5.0,30.0,4.6415888336127727e-10,1.8125,arca,68.08481646751746,0.0
5.0,30.0,4.6415888336127727e-10,1.875,arca,65.06869122547928,0.0
5.0,30.0,4.6415888336127727e-10,1.9375,arca,71.12879509551477,0.0
5.0,30.0,4.6415888336127727e-10,2.0,arca,71.59040413945823,0.0
5.0,30.0,4.6415888336127727e-10,2.0625,arca,65.74621213601225,0.0
5.0,30.0,4.6415888336127727e-10,2.125,arca,69.3754347335184,0.0
5.0,30.0,4.6415888336127727e-10,2.1875,arca,58.77395165014451,0.0
5.0,30.0,4.6415888336127727e-10,2.25,arca,64.21951680734651,0.0
5.0,30.0,4.6415888336127727e-10,2.3125,arca,73.69943787077045,0.0
5.0,30.0,4.6415888336127727e-10,2.375,arca,67.14302683052244,0.0
5.0,30.0,4.6415888336127727e-10,2.4375,arca,66.18258986195278,0.0
5.0,30.0,4.6415888336127727e-10,2.5,arca,61.589417718195484,0.0
5.0,30.0,4.6415888336127727e-10,2.5625,arca,67.80530927122149,0.0
5.0,30.0,4.6415888336127727e-10,2.625,arca,78.89397025058965,0.0
5.0,30.0,4.6415888336127727e-10,2.6875,arca,69.3821602489006,0.0
5.0,30.0,4.6415888336127727e-10,2.75,arca,66.66611654976683,0.0
5.0,30.0,4.6415888336127727e-10,2.8125,arca,76.95924682582849,0.0
5.0,30.0,4.6415888336127727e-10,2.875,arca,73.43446904688219,0.0
5.0,30.0,4.6415888336127727e-10,2.9375,arca,77.59503894577597,0.0
5.0,30.0,4.6415888336127727e-10,3.0,arca,60.68150892082619,0.0
5.0,30.0,9.999999999999999e-10,1.5,arca,322.6116843214048,0.0
5.0,30.0,9.999999999999999e-10,1.5625,arca,295.50407660405165,0.0
5.0,30.0,9.999999999999999e-10,1.625,arca,241.6746105178924,0.0
5.0,30.0,9.999999999999999e-10,1.6875,arca,224.7120968699794,0.0
5.0,30.0,9.999999999999999e-10,1.75,arca,176.55273683239838,0.0
5.0,30.0,9.999999999999999e-10,1.8125,arca,167.14449464387454,0.0
5.0,30.0,9.999999999999999e-10,1.875,arca,175.05866646245357,0.0
5.0,30.0,9.999999999999999e-10,1.9375,arca,123.71560023004025,0.0
5.0,30.0,9.999999999999999e-10,2.0,arca,135.4987098357248,0.0
5.0,30.0,9.999999999999999e-10,2.0625,arca,114.53908553592515,0.0
5.0,30.0,9.999999999999999e-10,2.125,arca,124.39868671216212,0.0
5.0,30.0,9.999999999999999e-10,2.1875,arca,103.65313120262562,0.0
5.0,30.0,9.999999999999999e-10,2.25,arca,91.39232201761948,0.0
5.0,30.0,9.999999999999999e-10,2.3125,arca,92.17040506987965,0.0
5.0,30.0,9.999999999999999e-10,2.375,arca,82.5669658241548,0.0
5.0,30.0,9.999999999999999e-10,2.4375,arca,69.42501848259822,0.0
5.0,30.0,9.999999999999999e-10,2.5,arca,74.77962923023546,0.0
5.0,30.0,9.999999999999999e-10,2.5625,arca,67.94837909095314,0.0
5.0,30.0,9.999999999999999e-10,2.625,arca,65.26269385879712,0.0
5.0,30.0,9.999999999999999e-10,2.6875,arca,72.00476100415612,0.0
5.0,30.0,9.999999999999999e-10,2.75,arca,71.939433722813,0.0
5.0,30.0,9.999999999999999e-10,2.8125,arca,68.26176290178273,0.0
5.0,30.0,9.999999999999999e-10,2.875,arca,68.26566829675406,0.0
5.0,30.0,9.999999999999999e-10,2.9375,arca,76.25628376313895,0.0
5.0,30.0,9.999999999999999e-10,3.0,arca,81.1061985631481,0.0
5.0,30.0,2.1544346900318775e-09,1.5,arca,1420.6193231853063,0.0
5.0,30.0,2.1544346900318775e-09,1.5625,arca,1224.1965120503812,0.0
5.0,30.0,2.1544346900318775e-09,1.625,arca,1029.5962808816441,0.0
5.0,30.0,2.1544346900318775e-09,1.6875,arca,880.9579377459884,0.0
5.0,30.0,2.1544346900318775e-09,1.75,arca,810.2814533075862,0.0
5.0,30.0,2.1544346900318775e-09,1.8125,arca,669.156389231392,0.0
5.0,30.0,2.1544346900318775e-09,1.875,arca,650.4425643602187,0.0
5.0,30.0,2.1544346900318775e-09,1.9375,arca,509.948505436375,0.0
5.0,30.0,2.1544346900318775e-09,2.0,arca,456.36336192243823,0.0
5.0,30.0,2.1544346900318775e-09,2.0625,arca,421.74325622026413,0.0
5.0,30.0,2.1544346900318775e-09,2.125,arca,373.3333367194881,0.0
5.0,30.0,2.1544346900318775e-09,2.1875,arca,337.72424487014894,0.0
5.0,30.0,2.1544346900318775e-09,2.25,arca,310.47204157386784,0.0
5.0,30.0,2.1544346900318775e-09,2.3125,arca,280.64973716336516,0.0
5.0,30.0,2.1544346900318775e-09,2.375,arca,260.74185879857737,0.0
5.0,30.0,2.1544346900318775e-09,2.4375,arca,226.11613217778302,0.0
5.0,30.0,2.1544346900318775e-09,2.5,arca,217.72428041420136,0.0
5.0,30.0,2.1544346900318775e-09,2.5625,arca,194.86031181946254,0.0
5.0,30.0,2.1544346900318775e-09,2.625,arca,200.10792900592034,0.0
5.0,30.0,2.1544346900318775e-09,2.6875,arca,178.9236643726699,0.0
5.0,30.0,2.1544346900318775e-09,2.75,arca,162.89090738606396,0.0
5.0,30.0,2.1544346900318775e-09,2.8125,arca,140.73122622311277,0.0
5.0,30.0,2.1544346900318775e-09,2.875,arca,173.02431790526524,0.0
5.0,30.0,2.1544346900318775e-09,2.9375,arca,134.83325922875497,0.0
5.0,30.0,2.1544346900318775e-09,3.0,arca,123.82818195670265,0.0
5.0,30.0,4.641588833612772e-09,1.5,arca,6472.6154165270145,0.0
5.0,30.0,4.641588833612772e-09,1.5625,arca,5726.563423105927,0.0
5.0,30.0,4.641588833612772e-09,1.625,arca,4767.236283391913,0.0
5.0,30.0,4.641588833612772e-09,1.6875,arca,4214.440258883898,0.0
5.0,30.0,4.641588833612772e-09,1.75,arca,3677.7084339533167,0.0
5.0,30.0,4.641588833612772e-09,1.8125,arca,3263.1783026483076,0.0
5.0,30.0,4.641588833612772e-09,1.875,arca,2901.0297476830183,0.0
5.0,30.0,4.641588833612772e-09,1.9375,arca,2393.2341811964584,0.0
5.0,30.0,4.641588833612772e-09,2.0,arca,2112.767098012952,0.0
5.0,30.0,4.641588833612772e-09,2.0625,arca,1994.2305855287013,0.0
5.0,30.0,4.641588833612772e-09,2.125,arca,1658.1326531888026,0.0
5.0,30.0,4.641588833612772e-09,2.1875,arca,1528.7515220423616,0.0
5.0,30.0,4.641588833612772e-09,2.25,arca,1370.6953211439286,0.0
5.0,30.0,4.641588833612772e-09,2.3125,arca,1213.2493839198792,0.0
5.0,30.0,4.641588833612772e-09,2.375,arca,1078.4092991271325,0.0
5.0,30.0,4.641588833612772e-09,2.4375,arca,1041.315570266946,0.0
5.0,30.0,4.641588833612772e-09,2.5,arca,869.880885946084,0.0
5.0,30.0,4.641588833612772e-09,2.5625,arca,811.7018652371987,0.0
5.0,30.0,4.641588833612772e-09,2.625,arca,731.4160058264384,0.0
5.0,30.0,4.641588833612772e-09,2.6875,arca,721.8306864788124,0.0
5.0,30.0,4.641588833612772e-09,2.75,arca,613.4707600556997,0.0
5.0,30.0,4.641588833612772e-09,2.8125,arca,542.703037501856,0.0
5.0,30.0,4.641588833612772e-09,2.875,arca,518.9031239744331,0.0
5.0,30.0,4.641588833612772e-09,2.9375,arca,523.0616776784912,0.0
5.0,30.0,4.641588833612772e-09,3.0,arca,495.5603186299599,0.0
5.0,30.0,1e-08,1.5,arca,30134.339475645604,0.0
5.0,30.0,1e-08,1.5625,arca,26114.385156432483,0.0
5.0,30.0,1e-08,1.625,arca,22596.003165063827,0.0
5.0,30.0,1e-08,1.6875,arca,19782.668441895185,0.0
5.0,30.0,1e-08,1.75,arca,17137.02118833056,0.0
5.0,30.0,1e-08,1.8125,arca,15552.548358978365,0.0
5.0,30.0,1e-08,1.875,arca,12782.51009107081,0.0
5.0,30.0,1e-08,1.9375,arca,11642.804038328573,0.0
5.0,30.0,1e-08,2.0,arca,10225.03287589471,0.0
5.0,30.0,1e-08,2.0625,arca,9208.15890647293,0.0
5.0,30.0,1e-08,2.125,arca,7949.364274833014,0.0
5.0,30.0,1e-08,2.1875,arca,7276.956406500826,0.0
5.0,30.0,1e-08,2.25,arca,6387.087453885494,0.0
5.0,30.0,1e-08,2.3125,arca,5709.492930363258,0.0
5.0,30.0,1e-08,2.375,arca,5135.046654432359,0.0
5.0,30.0,1e-08,2.4375,arca,4543.675184537813,0.0
5.0,30.0,1e-08,2.5,arca,3978.5880244106356,0.0
5.0,30.0,1e-08,2.5625,arca,3860.0477318559015,0.0
5.0,30.0,1e-08,2.625,arca,3466.880296519945,0.0
5.0,30.0,1e-08,2.6875,arca,3077.366412106392,0.0
5.0,30.0,1e-08,2.75,arca,2876.9139351403633,0.0
5.0,30.0,1e-08,2.8125,arca,2591.8667825342177,0.0
5.0,30.0,1e-08,2.875,arca,2421.9794894032625,0.0
5.0,30.0,1e-08,2.9375,arca,2278.5339154948947,0.0
5.0,30.0,1e-08,3.0,arca,2168.4029963173098,0.0
5.0,30.0,2.1544346900318822e-08,1.5,arca,,
5.0,30.0,2.1544346900318822e-08,1.5625,arca,,
5.0,30.0,2.1544346900318822e-08,1.625,arca,,
5.0,30.0,2.1544346900318822e-08,1.6875,arca,,
5.0,30.0,2.1544346900318822e-08,1.75,arca,,
5.0,30.0,2.1544346900318822e-08,1.8125,arca,,
5.0,30.0,2.1544346900318822e-08,1.875,arca,61478.018091125035,0.0
5.0,30.0,2.1544346900318822e-08,1.9375,arca,54519.3433810883,0.0
5.0,30.0,2.1544346900318822e-08,2.0,arca,47335.073962537645,0.0
5.0,30.0,2.1544346900318822e-08,2.0625,arca,41885.721709246835,0.0
5.0,30.0,2.1544346900318822e-08,2.125,arca,37237.92239449834,0.0
5.0,30.0,2.1544346900318822e-08,2.1875,arca,33309.55583885216,0.0
5.0,30.0,2.1544346900318822e-08,2.25,arca,29934.66710001625,0.0
5.0,30.0,2.1544346900318822e-08,2.3125,arca,26723.26758848045,0.0
5.0,30.0,2.1544346900318822e-08,2.375,arca,24792.91875387714,0.0
5.0,30.0,2.1544346900318822e-08,2.4375,arca,22107.645769523697,0.0
5.0,30.0,2.1544346900318822e-08,2.5,arca,20062.926013424832,0.0
5.0,30.0,2.1544346900318822e-08,2.5625,arca,17827.44959737421,0.0
5.0,30.0,2.1544346900318822e-08,2.625,arca,16746.38565256455,0.0
5.0,30.0,2.1544346900318822e-08,2.6875,arca,15014.403895386582,0.0
5.0,30.0,2.1544346900318822e-08,2.75,arca,13898.841403937482,0.0
5.0,30.0,2.1544346900318822e-08,2.8125,arca,12471.708779791199,0.0
5.0,30.0,2.1544346900318822e-08,2.875,arca,11587.211160558025,0.0
5.0,30.0,2.1544346900318822e-08,2.9375,arca,10715.263246343431,0.0
5.0,30.0,2.1544346900318822e-08,3.0,arca,10124.938405066732,0.0
5.0,30.0,4.641588833612772e-08,1.5,arca,,
5.0,30.0,4.641588833612772e-08,1.5625,arca,,
5.0,30.0,4.641588833612772e-08,1.625,arca,,
5.0,30.0,4.641588833612772e-08,1.6875,arca,,
5.0,30.0,4.641588833612772e-08,1.75,arca,,
5.0,30.0,4.641588833612772e-08,1.8125,arca,,
5.0,30.0,4.641588833612772e-08,1.875,arca,,
5.0,30.0,4.641588833612772e-08,1.9375,arca,,
5.0,30.0,4.641588833612772e-08,2.0,arca,,
5.0,30.0,4.641588833612772e-08,2.0625,arca,,
5.0,30.0,4.641588833612772e-08,2.125,arca,,
5.0,30.0,4.641588833612772e-08,2.1875,arca,,
5.0,30.0,4.641588833612772e-08,2.25,arca,,
5.0,30.0,4.641588833612772e-08,2.3125,arca,,
5.0,30.0,4.641588833612772e-08,2.375,arca,,
5.0,30.0,4.641588833612772e-08,2.4375,arca,,
5.0,30.0,4.641588833612772e-08,2.5,arca,,
5.0,30.0,4.641588833612772e-08,2.5625,arca,,
5.0,30.0,4.641588833612772e-08,2.625,arca,,
5.0,30.0,4.641588833612772e-08,2.6875,arca,,
5.0,30.0,4.641588833612772e-08,2.75,arca,63574.731189423255,0.0
5.0,30.0,4.641588833612772e-08,2.8125,arca,57501.36303941281,0.0
5.0,30.0,4.641588833612772e-08,2.875,arca,53290.6619657128,0.0
5.0,30.0,4.641588833612772e-08,2.9375,arca,49332.540809989776,0.0
5.0,30.0,4.641588833612772e-08,3.0,arca,45962.95783607797,0.0
5.0,30.0,1e-07,1.5,arca,,
5.0,30.0,1e-07,1.5625,arca,,
5.0,30.0,1e-07,1.625,arca,,
5.0,30.0,1e-07,1.6875,arca,,
5.0,30.0,1e-07,1.75,arca,,
5.0,30.0,1e-07,1.8125,arca,,
5.0,30.0,1e-07,1.875,arca,,
5.0,30.0,1e-07,1.9375,arca,,
5.0,30.0,1e-07,2.0,arca,,
5.0,30.0,1e-07,2.0625,arca,,
5.0,30.0,1e-07,2.125,arca,,
5.0,30.0,1e-07,2.1875,arca,,
5.0,30.0,1e-07,2.25,arca,,
5.0,30.0,1e-07,2.3125,arca,,
5.0,30.0,1e-07,2.375,arca,,
5.0,30.0,1e-07,2.4375,arca,,
5.0,30.0,1e-07,2.5,arca,,
5.0,30.0,1e-07,2.5625,arca,,
5.0,30.0,1e-07,2.625,arca,,
5.0,30.0,1e-07,2.6875,arca,,
5.0,30.0,1e-07,2.75,arca,,
5.0,30.0,1e-07,2.8125,arca,,
5.0,30.0,1e-07,2.875,arca,,
5.0,30.0,1e-07,2.9375,arca,,
5.0,30.0,1e-07,3.0,arca,,
5.0,30.0,2.1544346900318822e-07,1.5,arca,,
5.0,30.0,2.1544346900318822e-07,1.5625,arca,,
5.0,30.0,2.1544346900318822e-07,1.625,arca,,
5.0,30.0,2.1544346900318822e-07,1.6875,arca,,
5.0,30.0,2.1544346900318822e-07,1.75,arca,,
5.0,30.0,2.1544346900318822e-07,1.8125,arca,,
5.0,30.0,2.1544346900318822e-07,1.875,arca,,
5.0,30.0,2.1544346900318822e-07,1.9375,arca,,
5.0,30.0,2.1544346900318822e-07,2.0,arca,,
5.0,30.0,2.1544346900318822e-07,2.0625,arca,,
5.0,30.0,2.1544346900318822e-07,2.125,arca,,
5.0,30.0,2.1544346900318822e-07,2.1875,arca,,
5.0,30.0,2.1544346900318822e-07,2.25,arca,,
5.0,30.0,2.1544346900318822e-07,2.3125,arca,,
5.0,30.0,2.1544346900318822e-07,2.375,arca,,
5.0,30.0,2.1544346900318822e-07,2.4375,arca,,
5.0,30.0,2.1544346900318822e-07,2.5,arca,,
5.0,30.0,2.1544346900318822e-07,2.5625,arca,,
5.0,30.0,2.1544346900318822e-07,2.625,arca,,
5.0,30.0,2.1544346900318822e-07,2.6875,arca,,
5.0,30.0,2.1544346900318822e-07,2.75,arca,,
5.0,30.0,2.1544346900318822e-07,2.8125,arca,,
5.0,30.0,2.1544346900318822e-07,2.875,arca,,
5.0,30.0,2.1544346900318822e-07,2.9375,arca,,
5.0,30.0,2.1544346900318822e-07,3.0,arca,,
5.0,30.0,4.6415888336127725e-07,1.5,arca,,
5.0,30.0,4.6415888336127725e-07,1.5625,arca,,
5.0,30.0,4.6415888336127725e-07,1.625,arca,,
5.0,30.0,4.6415888336127725e-07,1.6875,arca,,
5.0,30.0,4.6415888336127725e-07,1.75,arca,,
5.0,30.0,4.6415888336127725e-07,1.8125,arca,,
5.0,30.0,4.6415888336127725e-07,1.875,arca,,
5.0,30.0,4.6415888336127725e-07,1.9375,arca,,
5.0,30.0,4.6415888336127725e-07,2.0,arca,,
5.0,30.0,4.6415888336127725e-07,2.0625,arca,,
5.0,30.0,4.6415888336127725e-07,2.125,arca,,
5.0,30.0,4.6415888336127725e-07,2.1875,arca,,
5.0,30.0,4.6415888336127725e-07,2.25,arca,,
5.0,30.0,4.6415888336127725e-07,2.3125,arca,,
5.0,30.0,4.6415888336127725e-07,2.375,arca,,
5.0,30.0,4.6415888336127725e-07,2.4375,arca,,
5.0,30.0,4.6415888336127725e-07,2.5,arca,,
5.0,30.0,4.6415888336127725e-07,2.5625,arca,,
5.0,30.0,4.6415888336127725e-07,2.625,arca,,
5.0,30.0,4.6415888336127725e-07,2.6875,arca,,
5.0,30.0,4.6415888336127725e-07,2.75,arca,,
5.0,30.0,4.6415888336127725e-07,2.8125,arca,,
5.0,30.0,4.6415888336127725e-07,2.875,arca,,
5.0,30.0,4.6415888336127725e-07,2.9375,arca,,
5.0,30.0,4.6415888336127725e-07,3.0,arca,,
5.0,30.0,1e-06,1.5,arca,,
5.0,30.0,1e-06,1.5625,arca,,
5.0,30.0,1e-06,1.625,arca,,
5.0,30.0,1e-06,1.6875,arca,,
5.0,30.0,1e-06,1.75,arca,,
5.0,30.0,1e-06,1.8125,arca,,
5.0,30.0,1e-06,1.875,arca,,
5.0,30.0,1e-06,1.9375,arca,,
5.0,30.0,1e-06,2.0,arca,,
5.0,30.0,1e-06,2.0625,arca,,
5.0,30.0,1e-06,2.125,arca,,
5.0,30.0,1e-06,2.1875,arca,,
5.0,30.0,1e-06,2.25,arca,,
5.0,30.0,1e-06,2.3125,arca,,
5.0,30.0,1e-06,2.375,arca,,
5.0,30.0,1e-06,2.4375,arca,,
5.0,30.0,1e-06,2.5,arca,,
5.0,30.0,1e-06,2.5625,arca,,
5.0,30.0,1e-06,2.625,arca,,
5.0,30.0,1e-06,2.6875,arca,,
5.0,30.0,1e-06,2.75,arca,,
5.0,30.0,1e-06,2.8125,arca,,
5.0,30.0,1e-06,2.875,arca,,
5.0,30.0,1e-06,2.9375,arca,,
5.0,30.0,1e-06,3.0,arca,,
